-- phpMyAdmin SQL Dump
-- version 3.5.2.2
-- http://www.phpmyadmin.net
--
-- Host: 127.0.0.1
-- Generation Time: Jan 30, 2014 at 12:09 AM
-- Server version: 5.5.27
-- PHP Version: 5.4.7

SET SQL_MODE="NO_AUTO_VALUE_ON_ZERO";
SET time_zone = "+00:00";


/*!40101 SET @OLD_CHARACTER_SET_CLIENT=@@CHARACTER_SET_CLIENT */;
/*!40101 SET @OLD_CHARACTER_SET_RESULTS=@@CHARACTER_SET_RESULTS */;
/*!40101 SET @OLD_COLLATION_CONNECTION=@@COLLATION_CONNECTION */;
/*!40101 SET NAMES utf8 */;

--
-- Database: `webtrace`
--

-- --------------------------------------------------------

--
-- Table structure for table `cake_facebook_likes`
--

CREATE TABLE IF NOT EXISTS `cake_facebook_likes` (
  `id` bigint(20) NOT NULL,
  `interest_id` bigint(20) DEFAULT NULL,
  `name` varchar(255) NOT NULL,
  `category` varchar(255) NOT NULL,
  `active` tinyint(1) NOT NULL DEFAULT '1',
  `created` datetime NOT NULL,
  `modified` datetime NOT NULL,
  PRIMARY KEY (`id`)
) ENGINE=InnoDB DEFAULT CHARSET=utf8;

--
-- Dumping data for table `cake_facebook_likes`
--

INSERT INTO `cake_facebook_likes` (`id`, `interest_id`, `name`, `category`, `active`, `created`, `modified`) VALUES
(5361113535, NULL, 'Interpol', 'Musician/band', 1, '2012-06-16 19:42:53', '2012-06-16 19:42:53'),
(5423059518, 405, 'AFI', 'Musician/band', 1, '2012-06-20 02:55:37', '2012-06-20 02:55:37'),
(5720169626, 689, 'Issuu', 'Product/service', 1, '2013-07-05 12:30:45', '2013-07-05 12:30:45'),
(5943153747, NULL, 'Weeds', 'Tv show', 1, '2012-06-14 21:00:04', '2012-06-14 21:00:04'),
(6002137995, NULL, 'Gorillaz', 'Musician/band', 1, '2012-06-16 19:42:53', '2012-06-16 19:42:53'),
(6084842529, 421, 'Robyn', 'Musician/band', 1, '2012-06-20 02:55:36', '2012-06-20 02:55:36'),
(6092929747, 422, 'The Office', 'Tv show', 1, '2012-06-20 02:55:37', '2012-06-20 02:55:37'),
(6174621106, 301, 'Kings Of Leon', 'Musician/band', 1, '2012-06-16 07:42:53', '2012-06-16 07:42:53'),
(6226458530, 374, 'Foals', 'Musician/band', 1, '2012-06-20 02:55:36', '2012-06-20 02:55:36'),
(6232473727, 375, 'Does It Offend You, Yeah?', 'Musician/band', 1, '2012-06-20 02:55:36', '2012-06-20 02:55:36'),
(6358122812, 376, 'Coheed and Cambria', 'Musician/band', 1, '2012-06-20 02:55:37', '2012-06-20 02:55:37'),
(6568083986, 303, 'Run DMC', 'Musician/band', 1, '2012-06-16 07:42:52', '2012-06-16 07:42:52'),
(6707887502, 327, 'The-Haunted', 'Musician/band', 1, '2012-06-20 02:11:53', '2012-06-20 02:11:53'),
(6708787004, 315, 'South Park', 'Tv show', 1, '2012-06-16 07:42:52', '2012-06-16 07:42:52'),
(6798562721, 305, 'Breaking Bad', 'Tv show', 1, '2012-06-16 07:42:52', '2012-06-16 07:42:52'),
(6979332244, 205, 'Radiohead', 'Musician/band', 1, '2012-06-14 04:42:35', '2012-06-14 04:42:35'),
(7037088595, 457, 'Henrik Ibsen', 'Author', 1, '2012-06-22 01:02:39', '2012-06-22 01:02:39'),
(7091561785, 575, 'Evanescence', 'Musician/band', 1, '2012-06-22 01:02:39', '2012-06-22 01:02:39'),
(7185342985, 548, 'Within Temptation', 'Musician/band', 1, '2012-06-22 01:02:39', '2012-06-22 01:02:39'),
(7444699828, 132, 'Digitalism', 'Musician/band', 1, '2012-06-20 02:55:36', '2012-06-20 02:55:36'),
(7655939996, 612, 'Fear and Loathing in Las Vegas', 'Movie', 1, '2012-06-24 06:08:53', '2012-06-24 06:08:53'),
(7807422276, 106, 'How I Met Your Mother', 'Tv show', 1, '2012-06-13 12:42:22', '2012-06-13 12:42:22'),
(7857633077, 378, 'Agnostic Front', 'Musician/band', 1, '2012-06-20 02:55:36', '2012-06-20 02:55:36'),
(7890846826, 534, 'Edguy', 'Musician/band', 1, '2012-06-22 01:02:39', '2012-06-22 01:02:39'),
(7914733474, 306, 'Skittles', 'Food/beverages', 1, '2012-06-16 07:42:52', '2012-06-16 07:42:52'),
(7991759722, 234, 'Bastian Schweinsteiger', 'Athlete', 1, '2012-06-14 09:00:04', '2012-06-14 09:00:04'),
(7996074839, 328, 'Flogging Molly', 'Musician/band', 1, '2012-06-20 02:11:53', '2012-06-20 02:11:53'),
(8062627951, 379, 'TechCrunch', 'Company', 1, '2012-06-20 02:55:36', '2012-06-20 02:55:36'),
(8210451787, 576, 'Linkin Park', 'Musician/band', 1, '2012-06-13 04:46:32', '2012-06-13 04:46:32'),
(8225281300, 307, 'Superbad', 'Movie', 1, '2012-06-16 07:42:52', '2012-06-16 07:42:52'),
(8277005269, NULL, 'Tocotronic', 'Musician/band', 1, '2012-06-16 19:42:53', '2012-06-16 19:42:53'),
(8484195962, 423, 'Death Note', 'Tv show', 1, '2012-06-20 02:55:37', '2012-06-20 02:55:37'),
(8484647103, 380, 'Enter Shikari', 'Musician/band', 1, '2012-06-20 02:55:37', '2012-06-20 02:55:37'),
(8584479036, 550, 'FC Schalke 04', 'Professional sports team', 1, '2012-06-22 01:02:39', '2012-06-22 01:02:39'),
(8825759963, 201, 'SOJU', 'Company', 1, '2012-06-14 04:42:35', '2012-06-14 04:42:35'),
(8829052676, 235, 'Ringo Starr', 'Musician/band', 1, '2012-06-14 09:00:04', '2012-06-14 09:00:04'),
(8879242845, 206, 'Shad', 'Musician/band', 1, '2012-06-14 04:42:35', '2012-06-14 04:42:35'),
(8959695308, 381, 'RMIT University', 'University', 1, '2012-06-20 02:55:37', '2012-06-20 02:55:37'),
(9183509140, 382, 'deutsche-startups.de', 'Computers/internet', 1, '2012-06-20 02:55:36', '2012-06-20 02:55:36'),
(9304112207, 536, 'Requiem For a Dream', 'Movie', 1, '2012-06-22 01:02:37', '2012-06-22 01:02:37'),
(9411551358, NULL, 'Carlos Santana', 'Musician/band', 1, '2012-06-14 21:00:04', '2012-06-14 21:00:04'),
(9588466619, NULL, 'Futurama', 'Tv show', 1, '2012-06-13 16:46:32', '2012-06-13 16:46:32'),
(9794158555, 564, 'Samuel Beckett', 'Author', 1, '2012-06-22 01:02:39', '2012-06-22 01:02:39'),
(10212595263, 260, 'Metallica', 'Musician/band', 1, '2012-06-14 09:00:04', '2012-06-14 09:00:04'),
(10429446003, 345, 'The xx', 'Musician/band', 1, '2012-06-20 02:55:36', '2012-06-20 02:55:36'),
(10603266018, 346, 'Crookers', 'Musician/band', 1, '2012-06-20 02:55:36', '2012-06-20 02:55:36'),
(10897743675, 347, 'Official My Name is Earl Page', 'Tv show', 1, '2012-06-20 02:55:37', '2012-06-20 02:55:37'),
(10901008068, 231, 'Guns N'' Roses', 'Musician/band', 1, '2012-06-14 09:00:04', '2012-06-14 09:00:04'),
(10935460954, 349, 'Freaks and Geeks', 'Tv show', 1, '2012-06-20 02:55:37', '2012-06-20 02:55:37'),
(11071120908, 610, 'Australia', 'Regional', 1, '2012-06-24 06:08:53', '2012-06-24 06:08:53'),
(11177446882, 480, 'Kevin Spacey', 'Actor/director', 1, '2012-06-22 01:02:39', '2012-06-22 01:02:39'),
(11455644806, 109, 'Snoop Dogg', 'Musician/band', 1, '2012-06-13 12:42:22', '2012-06-13 12:42:22'),
(11606846690, 199, 'xkcd', 'Entertainment', 1, '2012-06-14 04:42:35', '2012-06-14 04:42:35'),
(11884229652, 197, 'Mike Skinner and The Streets', 'Musician/band', 1, '2012-06-14 04:42:35', '2012-06-14 04:42:35'),
(11929466453, 352, 'Steve Buscemi', 'Actor/director', 1, '2012-06-20 02:55:36', '2012-06-20 02:55:36'),
(12350780802, 354, 'Boys Noize', 'Musician/band', 1, '2012-06-20 02:55:36', '2012-06-20 02:55:36'),
(12604171859, 126, 'American Pie', 'Movie', 1, '2012-06-13 12:42:22', '2012-06-13 12:42:22'),
(12673567174, 322, 'Eric Clapton', 'Musician/band', 1, '2012-06-20 02:11:53', '2012-06-20 02:11:53'),
(12805064845, 281, 'Idiocracy', 'Movie', 1, '2012-06-16 07:42:52', '2012-06-16 07:42:52'),
(12887942787, 323, 'Batman: The Dark Knight', 'Movie', 1, '2012-06-20 02:11:53', '2012-06-20 02:11:53'),
(13960261187, 498, 'Dustin Hoffman', 'Public figure', 1, '2012-06-22 01:02:39', '2012-06-22 01:02:39'),
(14644790067, 544, 'Nightwish', 'Musician/band', 1, '2012-06-22 01:02:39', '2012-06-22 01:02:39'),
(14789022498, 203, 'Kimchi', 'Company', 1, '2012-06-14 04:42:35', '2012-06-14 04:42:35'),
(15060155415, 115, 'Iron Sky', 'Movie', 1, '2012-06-13 04:46:32', '2012-06-13 04:46:32'),
(15155960214, 613, 'Kaiser Chiefs', 'Musician/band', 1, '2012-07-31 12:25:56', '2012-07-31 12:25:56'),
(15526475270, 311, 'Dexter', 'Tv show', 1, '2012-06-13 04:46:32', '2012-06-13 04:46:32'),
(17174318188, 414, 'Heroes', 'Tv show', 1, '2012-06-20 02:55:37', '2012-06-20 02:55:37'),
(17780227654, 646, 'Dr. Manmohan Singh', 'Politician', 1, '2013-07-05 12:30:45', '2013-07-05 12:30:45'),
(18254279085, NULL, 'Korsakoff', 'Musician/band', 1, '2012-06-13 16:46:32', '2012-06-13 16:46:32'),
(18279403944, 96, 'Beastie Boys', 'Musician/band', 1, '2012-06-13 12:42:22', '2012-06-13 12:42:22'),
(18452288248, 415, 'The Prodigy', 'Musician/band', 1, '2012-06-20 02:55:37', '2012-06-20 02:55:37'),
(18957981609, NULL, 'American Dad', 'Tv show', 1, '2012-06-13 16:46:32', '2012-06-13 16:46:32'),
(19159654256, 288, 'Massive Attack', 'Musician/band', 1, '2012-06-16 07:42:52', '2012-06-16 07:42:52'),
(19311247240, 359, 'The Chemical Brothers', 'Musician/band', 1, '2012-06-20 02:55:37', '2012-06-20 02:55:37'),
(19591433256, NULL, 'Macbeth', 'Public figure', 1, '2012-06-14 21:00:04', '2012-06-14 21:00:04'),
(19787971220, 335, 'Nine Inch Nails', 'Musician/band', 1, '2012-06-20 02:11:53', '2012-06-20 02:11:53'),
(19891061755, 650, 'Dropbox', 'Product/service', 1, '2013-07-05 12:30:45', '2013-07-05 12:30:45'),
(19975077227, 429, 'Interaction-Design.org', 'Non-profit organization', 1, '2012-06-20 03:35:09', '2012-06-20 03:35:09'),
(20638794288, 360, 'Evergreen Terrace', 'Musician/band', 1, '2012-06-20 02:55:37', '2012-06-20 02:55:37'),
(21230560760, 337, 'Korn', 'Musician/band', 1, '2012-06-20 02:11:53', '2012-06-20 02:11:53'),
(21411215352, 198, 'Sublime', 'Musician/band', 1, '2012-06-14 04:42:35', '2012-06-14 04:42:35'),
(21570237112, 521, 'Blind Guardian', 'Musician/band', 1, '2012-06-22 01:02:39', '2012-06-22 01:02:39'),
(21720030334, 416, 'Crystal Castles', 'Musician/band', 1, '2012-06-20 02:55:37', '2012-06-20 02:55:37'),
(21785951839, 290, '9GAG', 'Website', 1, '2012-06-16 07:42:52', '2012-06-16 07:42:52'),
(21872489496, 170, 'Modest Mouse', 'Musician/band', 1, '2012-06-14 04:42:35', '2012-06-14 04:42:35'),
(21987463952, 248, 'McKinsey & Company', 'Consulting/business services', 1, '2012-06-15 11:06:17', '2012-06-15 11:06:17'),
(22271024344, 522, 'Clint Eastwood', 'Actor/director', 1, '2012-06-22 01:02:39', '2012-06-22 01:02:39'),
(22330837712, 546, 'Rammstein', 'Musician/band', 1, '2012-06-22 01:02:39', '2012-06-22 01:02:39'),
(22476490672, 195, 'Daft Punk', 'Musician/band', 1, '2012-06-14 04:42:35', '2012-06-14 04:42:35'),
(22516413022, 266, 'John Legend', 'Musician/band', 1, '2012-06-15 01:31:04', '2012-06-15 01:31:04'),
(22684243192, 571, 'Rage', 'Musician/band', 1, '2012-06-22 01:02:39', '2012-06-22 01:02:39'),
(22934684677, 103, 'The Big Bang Theory', 'Tv show', 1, '2012-06-13 12:42:22', '2012-06-13 12:42:22'),
(23104471892, 698, 'Goethe-Institut', 'Non-profit organization', 1, '2013-09-19 01:47:18', '2013-09-19 01:47:18'),
(23519525029, 523, 'Sheldon Cooper', 'Public figure', 1, '2012-06-22 01:02:39', '2012-06-22 01:02:39'),
(24609282673, 117, 'Family Guy', 'Tv show', 1, '2012-06-13 04:46:32', '2012-06-13 04:46:32'),
(24895071624, NULL, 'Monkey Island', 'Software', 1, '2012-06-13 16:46:32', '2012-06-13 16:46:32'),
(26577443487, 120, 'Hak5', 'Tv show', 1, '2012-06-13 04:46:32', '2012-06-13 04:46:32'),
(26748225422, 121, 'Megan Fox', 'Actor/director', 1, '2012-06-13 04:46:32', '2012-06-13 04:46:32'),
(27142611128, 362, 'The Presets', 'Musician/band', 1, '2012-06-20 02:55:36', '2012-06-20 02:55:36'),
(28529629984, 363, 'I Set My Friends On Fire', 'Musician/band', 1, '2012-06-20 02:55:36', '2012-06-20 02:55:36'),
(29112278285, 274, 'Scrubs', 'Tv show', 1, '2012-06-15 01:31:04', '2012-06-15 01:31:04'),
(29534858696, 128, 'The Simpsons', 'Tv show', 1, '2012-06-13 12:42:22', '2012-06-13 12:42:22'),
(30255245291, 530, 'Lola Rennt (Run Lola Run)', 'Movie', 1, '2012-06-22 01:02:37', '2012-06-22 01:02:37'),
(30467381145, 269, 'Musiq Soulchild', 'Musician/band', 1, '2012-06-15 01:31:04', '2012-06-15 01:31:04'),
(32070737365, 481, 'Volker Pispers', 'Public figure', 1, '2012-06-22 01:02:38', '2012-06-22 01:02:38'),
(32178582215, 204, 'Seoul', 'Company', 1, '2012-06-14 04:42:35', '2012-06-14 04:42:35'),
(32411237163, 274, 'Scrubs', 'Tv show', 1, '2012-06-22 01:02:39', '2012-06-22 01:02:39'),
(32434463140, 270, 'soulsender.de - soulful • urban • radio', 'Arts/entertainment/nightlife', 1, '2012-06-15 01:31:04', '2012-06-15 01:31:04'),
(33319219987, 326, 'Dropkick Murphys', 'Musician/band', 1, '2012-06-20 02:11:53', '2012-06-20 02:11:53'),
(34318561335, 365, 'Angry Video Game Nerd', 'Entertainment', 1, '2012-06-20 02:55:36', '2012-06-20 02:55:36'),
(34529401165, 549, 'Tanz der Vampire', 'Public figure', 1, '2012-06-22 01:02:39', '2012-06-22 01:02:39'),
(34713758816, 366, 'Boondock Saints', 'Movie', 1, '2012-06-20 02:55:36', '2012-06-20 02:55:36'),
(36211311648, 271, 'Two and a Half Men', 'Tv show', 1, '2012-06-15 01:31:04', '2012-06-15 01:31:04'),
(36556850780, 599, 'Kinderschokolade', 'Local business', 1, '2012-06-24 06:08:53', '2012-06-24 06:08:53'),
(38711482013, 368, 'Bud Spencer & Terence Hill', 'Actor/director', 1, '2012-06-20 02:55:36', '2012-06-20 02:55:36'),
(38858586087, 237, 'The Jimi Hendrix Experience Official Page', 'Musician/band', 1, '2012-06-14 09:00:04', '2012-06-14 09:00:04'),
(39082832518, 202, 'Justice', 'Musician/band', 1, '2012-06-14 04:42:35', '2012-06-14 04:42:35'),
(39644305296, 417, 'Fight Club', 'Movie', 1, '2012-06-13 04:46:32', '2012-06-13 04:46:32'),
(40754806306, 369, 'As I Lay Dying Official', 'Musician/band', 1, '2012-06-20 02:55:37', '2012-06-20 02:55:37'),
(42798291365, NULL, 'SpongeBob SquarePants', 'Tv show', 1, '2012-06-16 19:42:53', '2012-06-16 19:42:53'),
(43413980024, 370, 'Terry Pratchett', 'Author', 1, '2012-06-20 02:55:36', '2012-06-20 02:55:36'),
(44333731214, 600, 'GATOS', 'Community', 1, '2012-06-24 06:08:53', '2012-06-24 06:08:53'),
(44438564784, 297, 'K.I.Z.', 'Musician/band', 1, '2012-06-16 07:42:53', '2012-06-16 07:42:53'),
(44736973472, 371, 'bring back  invader zim', 'Tv show', 1, '2012-06-20 02:55:37', '2012-06-20 02:55:37'),
(44843851974, 601, 'Looping Louie', 'Entertainment', 1, '2012-06-24 06:08:53', '2012-06-24 06:08:53'),
(45759048183, NULL, 'Ramstein', 'Musician/band', 1, '2012-06-14 21:00:04', '2012-06-14 21:00:04'),
(45769549403, 531, 'Lewis Holtby', 'Athlete', 1, '2012-06-22 01:02:38', '2012-06-22 01:02:38'),
(45907623491, 298, 'Mos Def Official', 'Musician/band', 1, '2012-06-16 07:42:52', '2012-06-16 07:42:52'),
(47361427864, 123, 'HARDCORE', 'Album', 1, '2012-06-13 04:46:32', '2012-06-13 04:46:32'),
(47718122031, 532, 'Jefferson Farfan', 'Athlete', 1, '2012-06-22 01:02:38', '2012-06-22 01:02:38'),
(47822269847, 418, 'Peaches', 'Musician/band', 1, '2012-06-20 02:55:36', '2012-06-20 02:55:36'),
(48382669205, 275, 'Jay Z', 'Musician/band', 1, '2012-06-15 01:49:32', '2012-06-15 01:49:32'),
(49218554014, 702, 'Baba Ramdev', 'Public figure', 1, '2013-09-19 01:47:18', '2013-09-19 01:47:18'),
(49491894003, 300, 'Scott Pilgrim vs. the World', 'Movie', 1, '2012-06-16 07:42:52', '2012-06-16 07:42:52'),
(50812608637, 547, 'Castle', 'Tv show', 1, '2012-06-22 01:02:38', '2012-06-22 01:02:38'),
(52193296770, 693, 'Prezi', 'Product/service', 1, '2013-07-05 12:30:45', '2013-07-05 12:30:45'),
(52268280111, 372, 'Prison Break', 'Tv show', 1, '2012-06-20 02:55:37', '2012-06-20 02:55:37'),
(53091758300, NULL, 'Die Toten Hosen', 'Musician/band', 1, '2012-06-14 21:00:04', '2012-06-14 21:00:04'),
(54553802566, 419, 'Frittenbude', 'Musician/band', 1, '2012-06-20 02:55:36', '2012-06-20 02:55:36'),
(55339791254, 420, 'Placebo', 'Musician/band', 1, '2012-06-20 02:55:37', '2012-06-20 02:55:37'),
(55541179466, 373, 'M.I.A', 'Musician/band', 1, '2012-06-20 02:55:36', '2012-06-20 02:55:36'),
(57072191853, 602, 'Me encanta que los flanes salgan bien!', 'Artist', 1, '2012-06-24 06:08:53', '2012-06-24 06:08:53'),
(60144069162, NULL, 'Blumentopf', 'Musician/band', 1, '2012-06-16 19:42:52', '2012-06-16 19:42:52'),
(63037549101, 302, 'Heroes of Newerth', 'Games/toys', 1, '2012-06-16 07:42:53', '2012-06-16 07:42:53'),
(64329753663, 533, 'Savage Circus', 'Musician/band', 1, '2012-06-22 01:02:39', '2012-06-22 01:02:39'),
(67162930965, 377, 'Gründerszene', 'News/media', 1, '2012-06-20 02:55:36', '2012-06-20 02:55:36'),
(67400590475, 304, 'Cyanide & Happiness', 'Artist', 1, '2012-06-16 07:42:53', '2012-06-16 07:42:53'),
(67919847338, 314, 'Steam', 'Product/service', 1, '2012-06-16 07:42:52', '2012-06-16 07:42:52'),
(68816265924, 106, 'Barney Stinson', 'Actor/director', 1, '2012-06-22 01:02:39', '2012-06-22 01:02:39'),
(69116329538, 129, 'The Beatles', 'Musician/band', 1, '2012-06-13 12:42:22', '2012-06-13 12:42:22'),
(69178204322, 105, 'Facebook Site Governance', 'Website', 1, '2012-06-13 12:42:22', '2012-06-13 12:42:22'),
(75564782046, 690, 'Go!Animate', 'Entertainment website', 1, '2013-07-05 12:30:45', '2013-07-05 12:30:45'),
(76613428183, 313, 'Community', 'Tv show', 1, '2012-06-16 07:42:52', '2012-06-16 07:42:52'),
(77756968445, 603, 'BIER', 'Entertainment', 1, '2012-06-24 06:08:53', '2012-06-24 06:08:53'),
(78883723363, 124, 'Monkey Island Adventures', 'Games/toys', 1, '2012-06-13 04:46:32', '2012-06-13 04:46:32'),
(79276278497, 604, 'Andrew Samberg', 'Public figure', 1, '2012-06-24 06:08:53', '2012-06-24 06:08:53'),
(80018166118, 542, 'Friedrich Schiller', 'Author', 1, '2012-06-22 01:02:39', '2012-06-22 01:02:39'),
(82061850555, 256, 'League of Legends', 'Games/toys', 1, '2012-06-15 11:06:17', '2012-06-15 11:06:17'),
(84373376522, 577, 'Dan Brown', 'Author', 1, '2012-06-22 01:02:39', '2012-06-22 01:02:39'),
(85571972977, 308, 'TEKKEN', 'Games/toys', 1, '2012-06-16 07:42:52', '2012-06-16 07:42:52'),
(88008444969, 535, 'Theater Aachen', 'Local business', 1, '2012-06-22 01:02:38', '2012-06-22 01:02:38'),
(88788758703, 344, 'Bundesliga', 'Company', 1, '2012-06-20 02:19:07', '2012-06-20 02:19:07'),
(91009013616, 691, 'Campuslife', 'Website', 1, '2013-07-05 12:30:45', '2013-07-05 12:30:45'),
(91290503700, 107, 'Inception', 'Movie', 1, '2012-06-13 12:42:22', '2012-06-13 12:42:22'),
(92638355802, 433, 'PollerWiesen', 'Community', 1, '2012-06-20 03:35:09', '2012-06-20 03:35:09'),
(94289470471, 339, '300', 'Movie', 1, '2012-06-20 02:11:53', '2012-06-20 02:11:53'),
(95828437400, 605, 'Tinto de Verano', 'Company', 1, '2012-06-24 06:08:53', '2012-06-24 06:08:53'),
(96029103777, 692, 'notebooksbilliger.de', 'Computers/technology', 1, '2013-07-05 12:30:45', '2013-07-05 12:30:45'),
(98502629459, 309, 'laut.de', 'Entertainment', 1, '2012-06-16 07:42:52', '2012-06-16 07:42:52'),
(100414343662, 551, 'Aachen', 'Public places', 1, '2012-06-22 01:02:39', '2012-06-22 01:02:39'),
(100885193818, NULL, 'Karmin', 'Musician/band', 1, '2012-06-16 19:42:52', '2012-06-16 19:42:52'),
(104956949616, 276, 'Avatar: The Last Airbender', 'Tv show', 1, '2012-06-16 07:42:53', '2012-06-16 07:42:53'),
(108049556340, 619, 'Sonu Nigam', 'Musician/band', 1, '2013-07-05 12:30:45', '2013-07-05 12:30:45'),
(109394462636, 476, 'Christoph Waltz', 'Actor/director', 1, '2012-06-22 01:02:39', '2012-06-22 01:02:39'),
(113154160599, 113, 'Mystery Science Theater 3000', 'Tv show', 1, '2012-06-13 04:46:32', '2012-06-13 04:46:32'),
(116524375509, 279, 'Mc Lovin', 'Fictional character', 1, '2012-06-16 07:42:52', '2012-06-16 07:42:52'),
(127487914576, 200, 'Hudson Mohawke', 'Musician/band', 1, '2012-06-14 04:42:35', '2012-06-14 04:42:35'),
(128801742581, NULL, 'Heine', 'Company', 1, '2013-07-05 00:30:45', '2013-07-05 00:30:45'),
(132563476071, 95, 'Dendemann', 'Musician/band', 1, '2012-06-13 12:42:22', '2012-06-13 12:42:22'),
(133319852155, 696, 'Paintballpark Aachen', 'Sports venue', 1, '2013-09-19 01:47:18', '2013-09-19 01:47:18'),
(134659563447, 413, 'RWTH Aachen', 'University', 1, '2012-06-20 02:55:37', '2012-06-20 02:55:37'),
(138213373848, 629, 'chilloutzone', 'Entertainment website', 1, '2013-07-05 12:30:45', '2013-07-05 12:30:45'),
(138659579773, 243, 'Booz & Company Recruiting GSA', 'Consulting/business services', 1, '2012-06-15 11:06:17', '2012-06-15 11:06:17'),
(138671468053, 101, 'Deichkind', 'Musician/band', 1, '2012-06-13 12:42:22', '2012-06-13 12:42:22'),
(140104438902, 582, 'Universidad Rey Juan Carlos', 'University', 1, '2012-06-24 06:08:53', '2012-06-24 06:08:53'),
(144469379586, 585, 'Yo AMO la Fiesta de Madrid | Se VIP, Enterate el 1º  De las Fiestas, GRATIS', 'Arts/entertainment/nightlife', 1, '2012-06-24 06:08:53', '2012-06-24 06:08:53'),
(145016446140, 586, 'Tattooed Australians', 'Website', 1, '2012-06-24 06:08:53', '2012-06-24 06:08:53'),
(146790007393, 630, 'DW - Learn German', 'Non-profit organization', 1, '2013-07-05 12:30:45', '2013-07-05 12:30:45'),
(150509031323, 283, 'Super Meat Boy!', 'Games/toys', 1, '2012-06-16 07:42:52', '2012-06-16 07:42:52'),
(152377501511, 704, 'Fraunhofer-Gesellschaft', 'Consulting/business services', 1, '2013-07-05 12:30:45', '2013-07-05 12:30:45'),
(157033703778, 588, 'Beat Me Up!', 'Musician/band', 1, '2012-06-24 06:08:53', '2012-06-24 06:08:53'),
(157102206640, NULL, 'Diablo', 'Games/toys', 1, '2012-06-16 19:42:52', '2012-06-16 19:42:52'),
(167528651335, 332, 'The Strokes', 'Musician/band', 1, '2012-06-20 02:11:53', '2012-06-20 02:11:53'),
(169098340541, 591, 'Charlie Harper', 'Comedian', 1, '2012-06-24 06:08:53', '2012-06-24 06:08:53'),
(169514194710, 265, 'Fangkiebassbeton - THE REAL MOTHERFUNKER -', 'Musician/band', 1, '2012-06-15 01:31:04', '2012-06-15 01:31:04'),
(172109161101, 286, 'Figgestube', 'Bar', 1, '2012-06-16 07:42:53', '2012-06-16 07:42:53'),
(174115021306, 510, 'DAS DA THEATER Aachen', 'Arts/entertainment/nightlife', 1, '2012-06-22 01:02:38', '2012-06-22 01:02:38'),
(181979466599, 287, 'NEON Unnützes Wissen', 'Book', 1, '2012-06-16 07:42:53', '2012-06-16 07:42:53'),
(189068598411, 514, 'Crimson-Oak - Foto & Medien', 'Product/service', 1, '2012-06-22 01:02:38', '2012-06-22 01:02:38'),
(197394889304, 570, 'FC Barcelona', 'Professional sports team', 1, '2012-06-22 01:02:38', '2012-06-22 01:02:38'),
(205016761117, 519, 'Robert Downey Junior (UK)', 'Actor/director', 1, '2012-06-22 01:02:39', '2012-06-22 01:02:39'),
(210768188705, 653, 'AStA RWTH Aachen', 'Education', 1, '2013-07-05 12:30:45', '2013-07-05 12:30:45'),
(212216417436, 520, 'The Lord of the Rings Trilogy (Official Page)', 'Movie', 1, '2012-06-22 01:02:38', '2012-06-22 01:02:38'),
(220779885077, 194, 'The Oatmeal', 'Entertainment', 1, '2012-06-14 04:42:35', '2012-06-14 04:42:35'),
(235870589611, 361, 'Bloody Beetroots - Death Crew 77', 'Musician/band', 1, '2012-06-20 02:55:36', '2012-06-20 02:55:36'),
(237837278879, 524, 'Transfermarkt.de', 'News/media', 1, '2012-06-22 01:02:38', '2012-06-22 01:02:38'),
(241100506423, 267, 'Aloe Blacc', 'Musician/band', 1, '2012-06-15 01:31:04', '2012-06-15 01:31:04'),
(242567287243, 273, 'Bruno Mars', 'Musician/band', 1, '2012-06-15 01:31:04', '2012-06-15 01:31:04'),
(246648288079, 118, 'Blue Mountain State', 'Tv show', 1, '2012-06-13 04:46:32', '2012-06-13 04:46:32'),
(252352771394, 666, 'Indian Air Force', 'Aerospace/defense', 1, '2013-07-05 12:30:45', '2013-07-05 12:30:45'),
(252382316547, 667, 'Narendra Modi For PM', 'Politician', 1, '2013-07-05 12:30:45', '2013-07-05 12:30:45'),
(260680088535, 525, 'The Ocean''s Series(11,12 & 13)', 'Movie', 1, '2012-06-22 01:02:38', '2012-06-22 01:02:38'),
(262653413177, 119, 'Geil, geiler, tätowiert', 'Entertainment', 1, '2012-06-13 04:46:32', '2012-06-13 04:46:32'),
(266872843888, 527, 'Avantasia', 'Musician/band', 1, '2012-06-22 01:02:38', '2012-06-22 01:02:38'),
(270715249602, 596, 'YelaWolf', 'Musician/band', 1, '2012-06-24 06:08:53', '2012-06-24 06:08:53'),
(281588321313, 293, 'Heartless', 'Movie', 1, '2012-06-16 07:42:52', '2012-06-16 07:42:52'),
(290511358900, 672, 'Fraunhofer FIT', 'Non-profit organization', 1, '2013-07-05 12:30:45', '2013-07-05 12:30:45'),
(294981361675, 268, '"STOP! STOP! STOP! - Nicht senden!" *Nachricht gesendet* "NEIN, SHIIIT!"', 'Local business', 1, '2012-06-15 01:31:04', '2012-06-15 01:31:04'),
(295470844311, 294, 'Black Books', 'Tv show', 1, '2012-06-16 07:42:52', '2012-06-16 07:42:52'),
(296850250029, 295, 'Ingenieure ohne Grenzen e.V.', 'Non-profit organization', 1, '2012-06-16 07:42:53', '2012-06-16 07:42:53'),
(296867082223, 529, 'Joel Matip', 'Athlete', 1, '2012-06-22 01:02:38', '2012-06-22 01:02:38'),
(316577211070, 122, 'THE NEW KIDS', 'Tv show', 1, '2012-06-13 04:46:32', '2012-06-13 04:46:32'),
(317574913105, 597, 'Yo nunca, nunca...', 'Community', 1, '2012-06-24 06:08:53', '2012-06-24 06:08:53'),
(321031023382, 364, 'Adventure Time', 'Tv show', 1, '2012-06-20 02:55:36', '2012-06-20 02:55:36'),
(324597014257, 251, 'Karriere bei Accenture', 'Consulting/business services', 1, '2012-06-15 11:06:17', '2012-06-15 11:06:17'),
(328589570213, 678, '300mbfilms', 'Movie', 1, '2013-07-05 12:30:45', '2013-07-05 12:30:45'),
(332687231201, 574, 'Christian Fuchs', 'Athlete', 1, '2012-06-22 01:02:38', '2012-06-22 01:02:38'),
(351412895832, 252, 'Fachschaft Mathematik/Physik/Informatik an der RWTH Aachen', 'Non-profit organization', 1, '2012-06-15 11:06:17', '2012-06-15 11:06:17'),
(355307289342, 367, 'Nostalgia Critic aka That Guy With The Glasses', 'Community', 1, '2012-06-20 02:55:36', '2012-06-20 02:55:36'),
(355386385621, 682, 'Chevrolet Europe', 'Cars', 1, '2013-07-05 12:30:45', '2013-07-05 12:30:45'),
(359129892456, 598, 'Sports on Facebook', 'Media/news/publishing', 1, '2012-06-24 06:08:53', '2012-06-24 06:08:53'),
(372576534580, 684, 'Study in Germany', 'Organization', 1, '2013-07-05 12:30:45', '2013-07-05 12:30:45'),
(464382310650, 688, 'Lloret Turisme', 'Travel/leisure', 1, '2013-07-05 12:30:45', '2013-07-05 12:30:45'),
(494637910144, 299, 'The IT Crowd', 'Tv show', 1, '2012-06-16 07:42:52', '2012-06-16 07:42:52'),
(101925766514531, 537, 'Edward Norton', 'Actor/director', 1, '2012-06-22 01:02:39', '2012-06-22 01:02:39'),
(102146853181314, 455, 'Benedikt Höwedes', 'Athlete', 1, '2012-06-22 01:02:38', '2012-06-22 01:02:38'),
(102372683171093, 456, 'Grenzlandtheater Aachen', 'Company', 1, '2012-06-22 01:02:38', '2012-06-22 01:02:38'),
(103081439732002, 255, 'Dominion', 'Games/toys', 1, '2012-06-15 11:06:17', '2012-06-15 11:06:17'),
(103101923063896, NULL, 'Boris Becker', 'Athlete', 1, '2012-06-14 21:00:04', '2012-06-14 21:00:04'),
(103124423061436, 316, 'Books of Blood', 'Book', 1, '2012-06-20 02:11:53', '2012-06-20 02:11:53'),
(103130426393616, 413, 'RWTH Aachen University', 'Landmark', 1, '2013-07-05 12:30:45', '2013-07-05 12:30:45'),
(103154229725544, 457, 'Henrik Ibsen', 'Author', 1, '2012-06-22 01:02:39', '2012-06-22 01:02:39'),
(103398523028348, 614, 'MAD(e) IN INDIA', 'Public figure', 1, '2013-07-05 12:30:45', '2013-07-05 12:30:45'),
(103493343016255, 329, 'Dire Straits', 'Musician/band', 1, '2012-06-20 02:11:53', '2012-06-20 02:11:53'),
(103636093053996, 458, 'The Shawshank Redemption', 'Movie', 1, '2012-06-22 01:02:38', '2012-06-22 01:02:38'),
(103805609657840, 459, 'Kenneth Branagh', 'Public figure', 1, '2012-06-22 01:02:39', '2012-06-22 01:02:39'),
(103819456322763, 538, 'William Shakespeare', 'Author', 1, '2012-06-22 01:02:39', '2012-06-22 01:02:39'),
(103891629647813, 460, 'Subway to Sally', 'Musician/band', 1, '2012-06-22 01:02:38', '2012-06-22 01:02:38'),
(104000809639043, 606, 'The Big Lebowski', 'Movie', 1, '2012-06-24 06:08:53', '2012-06-24 06:08:53'),
(104015162968222, 552, 'Der Eisbär', 'Movie', 1, '2012-06-22 01:02:39', '2012-06-22 01:02:39'),
(104025929633061, 317, 'Raised Fist', 'Musician/band', 1, '2012-06-20 02:11:53', '2012-06-20 02:11:53'),
(104034436299747, 402, 'Heaven Shall Burn', 'Musician/band', 1, '2012-06-20 02:55:36', '2012-06-20 02:55:36'),
(104056389629631, 461, '25th Hour', 'Movie', 1, '2012-06-22 01:02:39', '2012-06-22 01:02:39'),
(104068019629311, 462, 'Russell Crowe', 'Public figure', 1, '2012-06-22 01:02:39', '2012-06-22 01:02:39'),
(104072652962475, 103, 'The Big Bang Theory', 'Tv show', 1, '2012-06-13 04:46:32', '2012-06-13 04:46:32'),
(104079282963296, 463, 'Johnny Depp', 'Actor/director', 1, '2012-06-22 01:02:39', '2012-06-22 01:02:39'),
(104109362957551, 607, 'Pumuckl', 'Tv show', 1, '2012-06-24 06:08:53', '2012-06-24 06:08:53'),
(104860842887580, 615, 'ICH WAR DAS NICHT!!!!!!!!!!!!!!!!!!!!!!!!! achso das.......ja das war ich', 'Entertainment website', 1, '2013-07-05 12:30:45', '2013-07-05 12:30:45'),
(104882679549857, NULL, 'Umse', 'Music', 1, '2012-06-16 19:42:53', '2012-06-16 19:42:53'),
(104949722884292, 616, 'Daimler Career', 'Company', 1, '2013-07-05 12:30:45', '2013-07-05 12:30:45'),
(105538432813162, 310, 'Falling Down', 'Movie', 1, '2012-06-16 07:42:52', '2012-06-16 07:42:52'),
(105604026138857, 261, 'Avrupa Yakası', 'Tv show', 1, '2012-06-15 01:31:04', '2012-06-15 01:31:04'),
(105605429473939, 608, 'Fight Club', 'Movie', 1, '2012-06-24 06:08:53', '2012-06-24 06:08:53'),
(105608322805571, 538, 'William Shakespeare', 'Author', 1, '2012-06-22 01:02:38', '2012-06-22 01:02:38'),
(105613569486567, 97, 'Prinz Pi', 'Musician/band', 1, '2012-06-13 12:42:22', '2012-06-13 12:42:22'),
(105634886138092, 464, '12 Angry Men', 'Movie', 1, '2012-06-22 01:02:38', '2012-06-22 01:02:38'),
(105638652803531, 553, 'Fear and Loathing in Las Vegas', 'Movie', 1, '2012-06-22 01:02:38', '2012-06-22 01:02:38'),
(105960549434629, 539, 'Brad Pitt', 'Public figure', 1, '2012-06-22 01:02:39', '2012-06-22 01:02:39'),
(106032302760747, 540, 'Al Pacino', 'Actor/director', 1, '2012-06-22 01:02:39', '2012-06-22 01:02:39'),
(106106489421091, 258, 'Die Siedler von Catan', 'Interest', 1, '2012-06-15 11:06:17', '2012-06-15 11:06:17'),
(106124519426688, 465, 'Angela Nathalie Gossow', 'Musician/band', 1, '2012-06-22 01:02:39', '2012-06-22 01:02:39'),
(106187256079300, 466, 'Klaas-Jan Huntelaar', 'Athlete', 1, '2012-06-22 01:02:38', '2012-06-22 01:02:38'),
(106250359405280, 467, 'Jack Lemmon', 'Actor/director', 1, '2012-06-22 01:02:39', '2012-06-22 01:02:39'),
(106421642722339, 468, 'The Swarm', 'Book', 1, '2012-06-22 01:02:39', '2012-06-22 01:02:39'),
(106526516050184, 230, 'Diablo 3', 'Games/toys', 1, '2012-06-14 09:00:04', '2012-06-14 09:00:04'),
(106553426035009, 469, 'Hagen Rether', 'Tv', 1, '2012-06-22 01:02:39', '2012-06-22 01:02:39'),
(106602966061813, 554, 'Black Swan', 'Movie', 1, '2012-06-22 01:02:38', '2012-06-22 01:02:38'),
(107112332720702, 617, 'SwaminarayanGurukul', 'Organization', 1, '2013-07-05 12:30:45', '2013-07-05 12:30:45'),
(107470789282621, 271, 'Two and a Half Men', 'Tv show', 1, '2012-06-24 06:08:53', '2012-06-24 06:08:53'),
(107568082606700, 193, 'Madvillain', 'Musician/band', 1, '2012-06-14 04:42:35', '2012-06-14 04:42:35'),
(107680842594652, 470, 'Forrest Gump', 'Movie', 1, '2012-06-22 01:02:39', '2012-06-22 01:02:39'),
(107703752585980, 618, 'University of Bonn', 'Landmark', 1, '2013-07-05 12:30:45', '2013-07-05 12:30:45'),
(108066319243337, 471, 'Leonce and Lena', 'Book', 1, '2012-06-22 01:02:38', '2012-06-22 01:02:38'),
(108089935892068, 125, 'Asa', 'Musician/band', 1, '2012-06-13 12:42:22', '2012-06-13 12:42:22'),
(108132109214686, 555, 'FC Arsenal', 'Interest', 1, '2012-06-22 01:02:38', '2012-06-22 01:02:38'),
(108132462548163, 472, 'The Usual Suspects', 'Movie', 1, '2012-06-22 01:02:39', '2012-06-22 01:02:39'),
(108133575874847, 94, 'Masta Ace', 'Musician/band', 1, '2012-06-13 12:42:22', '2012-06-13 12:42:22'),
(108168782538599, 609, 'Evonik Industries', 'Organization', 1, '2012-06-24 06:08:53', '2012-06-24 06:08:53'),
(108173215878011, 192, 'Memento', 'Movie', 1, '2012-06-14 04:42:35', '2012-06-14 04:42:35'),
(108207265867975, 425, 'Die Ärzte', 'Musician/band', 1, '2012-06-22 01:02:39', '2012-06-22 01:02:39'),
(108216792533895, 277, 'Napoleon Dynamite', 'Movie', 1, '2012-06-16 07:42:52', '2012-06-16 07:42:52'),
(108242515862622, 473, 'Monty Python''s Life of Brian', 'Movie', 1, '2012-06-22 01:02:39', '2012-06-22 01:02:39'),
(108313242531001, 556, 'Wise Guys', 'Musician/band', 1, '2012-06-22 01:02:39', '2012-06-22 01:02:39'),
(108324369188388, 403, 'Le Tigre', 'Musician/band', 1, '2012-06-20 02:55:37', '2012-06-20 02:55:37'),
(108395849184595, 620, 'Frankfurt University of Applied Sciences', 'Landmark', 1, '2013-07-05 12:30:45', '2013-07-05 12:30:45'),
(108461249178487, 557, 'Apocalyptica', 'Musician/band', 1, '2012-06-22 01:02:39', '2012-06-22 01:02:39'),
(108638719208679, 254, 'Fitness', 'Sport', 1, '2012-06-15 11:06:17', '2012-06-15 11:06:17'),
(109026129147689, 474, 'Pont Grill', 'Restaurant/cafe', 1, '2012-06-22 01:02:38', '2012-06-22 01:02:38'),
(109147839104102, 238, 'Dancesport', 'Sport', 1, '2012-06-15 11:06:17', '2012-06-15 11:06:17'),
(109215802431732, 541, 'Equilibrium', 'Musician/band', 1, '2012-06-22 01:02:39', '2012-06-22 01:02:39'),
(109252335759366, 475, 'Who''s Afraid of Virginia Woolf?', 'Book', 1, '2012-06-22 01:02:39', '2012-06-22 01:02:39'),
(109271802425631, 558, 'Die Physiker', 'Book', 1, '2012-06-22 01:02:39', '2012-06-22 01:02:39'),
(109290412438658, NULL, 'Umse', 'Musician/band', 1, '2012-06-16 19:42:52', '2012-06-16 19:42:52'),
(109349602416398, 348, 'A Perfect Circle', 'Musician/band', 1, '2012-06-20 02:55:37', '2012-06-20 02:55:37'),
(109373122422588, 259, 'Swimming', 'Athlete', 1, '2012-06-15 11:06:17', '2012-06-15 11:06:17'),
(109386945754251, 350, 'Detroit Metal City', 'Tv show', 1, '2012-06-20 02:55:36', '2012-06-20 02:55:36'),
(109472262413043, 408, 'Arrested Development', 'Tv show', 1, '2012-06-20 02:55:36', '2012-06-20 02:55:36'),
(109482295740916, 695, 'Ads of the World', 'News/media website', 1, '2013-09-19 01:47:18', '2013-09-19 01:47:18'),
(109513332400575, 222, 'Kanye West', 'Musician/band', 1, '2012-06-15 01:49:32', '2012-06-15 01:49:32'),
(109520502407851, 559, 'Raúl González', 'Athlete', 1, '2012-06-22 01:02:38', '2012-06-22 01:02:38'),
(109584652395911, 477, 'Bodo Wartke', 'Music', 1, '2012-06-22 01:02:39', '2012-06-22 01:02:39'),
(109592655734436, 578, 'Dubstep', 'Musical genre', 1, '2012-06-24 06:08:53', '2012-06-24 06:08:53'),
(109597529058281, 478, 'Van Canto', 'Musician/band', 1, '2012-06-22 01:02:39', '2012-06-22 01:02:39'),
(109615619056553, 560, 'The Clown', 'Book', 1, '2012-06-22 01:02:39', '2012-06-22 01:02:39'),
(109651092398535, 111, 'FANTASY Dance FM 96.7', 'Radio station', 1, '2012-06-13 04:46:32', '2012-06-13 04:46:32'),
(109697765726264, 561, 'Faust I', 'Book', 1, '2012-06-22 01:02:39', '2012-06-22 01:02:39'),
(109843155707761, 110, 'Blumentopf', 'Musician/band', 1, '2012-06-13 12:42:22', '2012-06-13 12:42:22'),
(110163159006215, 318, 'The Dead Kennedys', 'Musician/band', 1, '2012-06-20 02:11:53', '2012-06-20 02:11:53'),
(110183025682532, 409, 'Bleach', 'Tv', 1, '2012-06-20 02:55:37', '2012-06-20 02:55:37'),
(110303348998770, 319, 'Srubs', 'Tv show', 1, '2012-06-20 02:11:53', '2012-06-20 02:11:53'),
(110475388978628, 410, 'The Walking Dead', 'Tv show', 1, '2012-06-16 07:42:52', '2012-06-16 07:42:52'),
(110758342277781, 112, 'Aachen, Germany', 'City', 1, '2012-06-13 04:46:32', '2012-06-13 04:46:32'),
(110887438935986, 621, 'Monster jobs', 'Organization', 1, '2013-07-05 12:30:45', '2013-07-05 12:30:45'),
(110893595602631, 239, 'Equestrianism', 'Sport', 1, '2012-06-15 11:06:17', '2012-06-15 11:06:17'),
(111082162248881, 479, 'Spiderman Trilogy', 'Movie genre', 1, '2012-06-22 01:02:38', '2012-06-22 01:02:38'),
(111364132247550, 622, 'Shree Swaminarayan Gurukul Junagadh', 'School', 1, '2013-07-05 12:30:45', '2013-07-05 12:30:45'),
(111731982176091, 278, 'Inland Empire', 'Movie', 1, '2012-06-16 07:42:53', '2012-06-16 07:42:53'),
(111807898908144, 623, 'Shree Swaminarayan gurukul surat', 'Video', 1, '2013-07-05 12:30:45', '2013-07-05 12:30:45'),
(111831648833294, 562, 'Animal Farm', 'Book', 1, '2012-06-22 01:02:39', '2012-06-22 01:02:39'),
(112085118808667, 404, 'American Psycho', 'Book', 1, '2012-06-20 02:55:37', '2012-06-20 02:55:37'),
(112139838802751, NULL, 'Age of Empires', 'Interest', 1, '2012-06-14 21:00:04', '2012-06-14 21:00:04'),
(112146662135501, 481, 'Volker Pispers', 'Actor/director', 1, '2012-06-22 01:02:39', '2012-06-22 01:02:39'),
(112173338795475, 563, 'Die Apokalyptischen Reiter', 'Musician/band', 1, '2012-06-22 01:02:39', '2012-06-22 01:02:39'),
(112222605460779, 482, 'Huis clos', 'Book', 1, '2012-06-22 01:02:38', '2012-06-22 01:02:38'),
(112237562125534, 483, 'Hansi Kürsch', 'Musician/band', 1, '2012-06-22 01:02:39', '2012-06-22 01:02:39'),
(112483385444822, 330, 'TV total', 'Tv show', 1, '2012-06-20 02:11:53', '2012-06-20 02:11:53'),
(112517425457609, 240, 'Microsoft Studentenleben', 'Product/service', 1, '2012-06-15 11:06:17', '2012-06-15 11:06:17'),
(112574435420627, 542, 'Friedrich Schiller', 'Author', 1, '2012-06-22 01:02:39', '2012-06-22 01:02:39'),
(112665908745660, 484, 'Ralph Fiennes', 'Public figure', 1, '2012-06-22 01:02:39', '2012-06-22 01:02:39'),
(112681022080555, 257, 'Schach', 'Interest', 1, '2012-06-15 11:06:17', '2012-06-15 11:06:17'),
(112842988801190, 98, 'Pulp Fiction', 'Movie', 1, '2012-06-13 12:42:22', '2012-06-13 12:42:22'),
(112863205395980, 485, 'Jack Nicholson', 'Actor/director', 1, '2012-06-22 01:02:39', '2012-06-22 01:02:39'),
(112903188724535, 486, 'Robert De Niro', 'Actor/director', 1, '2012-06-22 01:02:39', '2012-06-22 01:02:39'),
(112933485406955, 487, 'Schandmaul', 'Musician/band', 1, '2012-06-22 01:02:38', '2012-06-22 01:02:38'),
(112986722137794, 99, 'Auto Stamm GmbH', 'Automobiles and parts', 1, '2012-06-13 12:42:22', '2012-06-13 12:42:22'),
(113087208704982, 564, 'Samuel Beckett', 'Author', 1, '2012-06-22 01:02:39', '2012-06-22 01:02:39'),
(113185085359765, NULL, 'Eimsbush', 'Music', 1, '2012-06-16 19:42:53', '2012-06-16 19:42:53'),
(113281522018599, 579, 'King of Queens', 'Tv show', 1, '2012-06-24 06:08:53', '2012-06-24 06:08:53'),
(113337825343690, 565, 'Emilia Galotti', 'Book', 1, '2012-06-22 01:02:39', '2012-06-22 01:02:39'),
(113383308674771, 611, 'Futurama', 'Tv show', 1, '2012-06-24 06:08:53', '2012-06-24 06:08:53'),
(113389998674785, 488, 'Kyriakos Papadopoulos', 'Athlete', 1, '2012-06-22 01:02:38', '2012-06-22 01:02:38'),
(113513331995655, 411, 'Tool', 'Musician/band', 1, '2012-06-20 02:55:37', '2012-06-20 02:55:37'),
(113593205383575, 262, 'Filmstudio an der RWTH Aachen', 'Movie theater', 1, '2012-06-15 01:31:04', '2012-06-15 01:31:04'),
(113735338636492, 489, 'The 13½ Lives of Captain Bluebear', 'Book', 1, '2012-06-22 01:02:38', '2012-06-22 01:02:38'),
(113758351993776, 114, 'TECHNO4EVER', 'Radio station', 1, '2012-06-13 04:46:32', '2012-06-13 04:46:32'),
(114371265245182, 320, 'Necroscope', 'Book', 1, '2012-06-20 02:11:53', '2012-06-20 02:11:53'),
(114450185241364, 624, 'Martina Hill', 'Actor/director', 1, '2013-07-05 12:30:45', '2013-07-05 12:30:45'),
(114751001881490, 490, 'Antenne AC', 'Radio station', 1, '2012-06-22 01:02:38', '2012-06-22 01:02:38'),
(114782338534249, 108, 'Kool Savas', 'Musician/band', 1, '2012-06-13 12:42:22', '2012-06-13 12:42:22'),
(115393811836969, 331, 'Reservoir Dogs', 'Movie', 1, '2012-06-20 02:11:53', '2012-06-20 02:11:53'),
(115744368466449, 491, 'Veil of Illusion', 'Musician/band', 1, '2012-06-22 01:02:38', '2012-06-22 01:02:38'),
(116065438458743, 321, 'The Books of Abarat', 'Book', 1, '2012-06-20 02:11:53', '2012-06-20 02:11:53'),
(116228668474945, 100, 'Zwei glorreiche Halunken', 'Movie', 1, '2012-06-13 12:42:22', '2012-06-13 12:42:22'),
(117792538231720, 196, 'Eyjafjallajökull', 'Product/service', 1, '2012-06-14 04:42:35', '2012-06-14 04:42:35'),
(118376684901629, 351, 'Regular Show', 'Tv show', 1, '2012-06-20 02:55:36', '2012-06-20 02:55:36'),
(118749444805398, 625, 'Askstudents.de - Jobbörse für Studenten', 'Website', 1, '2013-07-05 12:30:45', '2013-07-05 12:30:45'),
(118843458195668, 412, 'A Clockwork Orange', 'Movie', 1, '2012-06-20 02:55:36', '2012-06-20 02:55:36'),
(119269651452993, 580, 'Orlando, FL', 'Local/travel', 1, '2012-06-24 06:08:53', '2012-06-24 06:08:53'),
(119410741469917, 492, 'Die Nationalmannschaft', 'Professional sports team', 1, '2012-06-22 01:02:38', '2012-06-22 01:02:38'),
(119702488081975, 353, 'Skrillex', 'Musician/band', 1, '2012-06-20 02:55:36', '2012-06-20 02:55:36'),
(120150954691329, 626, 'Facebook Photo Zoom', 'Software', 1, '2013-07-05 12:30:45', '2013-07-05 12:30:45'),
(120439547991570, 241, 'Career Center der RWTH Aachen University', 'University', 1, '2012-06-15 11:06:17', '2012-06-15 11:06:17'),
(120446001351495, 581, 'ALEXANDERKRYSKA', 'Personal blog', 1, '2012-06-24 06:08:53', '2012-06-24 06:08:53'),
(120724814621467, 263, 'SOUL CITY | Cologne''s Brand New Rare Soul Nighter', 'Musician/band', 1, '2012-06-15 01:31:04', '2012-06-15 01:31:04'),
(123241427688000, 627, 'DAAD India', 'Non-profit organization', 1, '2013-07-05 12:30:45', '2013-07-05 12:30:45'),
(123515234338747, 493, 'Wacken Open Air', 'Concert venue', 1, '2012-06-22 01:02:38', '2012-06-22 01:02:38'),
(123545484331329, 280, 'NewKids', 'Tv show', 1, '2012-06-16 07:42:53', '2012-06-16 07:42:53'),
(124332397670285, 628, 'International Office ISC', 'University', 1, '2013-07-05 12:30:45', '2013-07-05 12:30:45'),
(125938460770575, 355, 'Boardwalk Empire', 'Tv show', 1, '2012-06-20 02:55:36', '2012-06-20 02:55:36'),
(126297554069537, 242, 'talKIT - Das Wirtschafts- und Technologieforum am KIT', 'Non-profit organization', 1, '2012-06-15 11:06:17', '2012-06-15 11:06:17'),
(126646544103694, 494, 'Jochen Malmsheimer', 'Artist', 1, '2012-06-22 01:02:39', '2012-06-22 01:02:39'),
(126939717387657, NULL, 'Crank', 'Movie', 1, '2012-06-13 16:46:32', '2012-06-13 16:46:32'),
(129415137106116, NULL, 'Die drei Fragezeichen', 'Product/service', 1, '2012-06-13 16:46:32', '2012-06-13 16:46:32'),
(131453246935509, 543, 'Sin City', 'Movie', 1, '2012-06-22 01:02:38', '2012-06-22 01:02:38'),
(131572223581891, 324, 'Led Zeppelin Official', 'Musician/band', 1, '2012-06-20 02:11:53', '2012-06-20 02:11:53'),
(131704393549116, 495, 'Thierry Henry', 'Athlete', 1, '2012-06-22 01:02:38', '2012-06-22 01:02:38'),
(132579486771391, 566, 'Amphitryon', 'Book', 1, '2012-06-22 01:02:39', '2012-06-22 01:02:39'),
(134963129902181, 356, 'Serdar Somuncu', 'Artist', 1, '2012-06-20 02:55:36', '2012-06-20 02:55:36'),
(135365373170315, 496, 'Jochen Malmsheimer aus *Essen*', 'Community', 1, '2012-06-22 01:02:38', '2012-06-22 01:02:38'),
(135679163136736, 282, 'Clueso', 'Musician/band', 1, '2012-06-16 07:42:52', '2012-06-16 07:42:52'),
(135808799816616, 497, 'Julian Draxler - die offizielle Seite', 'Athlete', 1, '2012-06-22 01:02:38', '2012-06-22 01:02:38'),
(136669623064937, 325, 'CHronik der Unsterblichen', 'Book', 1, '2012-06-20 02:11:53', '2012-06-20 02:11:53'),
(141407905956735, 244, 'Mentoring Informatik RWTH Aachen University', 'University', 1, '2012-06-15 11:06:17', '2012-06-15 11:06:17'),
(141545972523915, 499, 'Back to the Future Trilogy', 'Movie', 1, '2012-06-22 01:02:38', '2012-06-22 01:02:38'),
(141927505869316, 583, 'Chill''R', 'Bar', 1, '2012-06-24 06:08:53', '2012-06-24 06:08:53'),
(141973839152649, 342, 'FC Bayern München', 'Professional sports team', 1, '2012-06-20 02:19:07', '2012-06-20 02:19:07'),
(142247155809635, NULL, 'Power Rangers', 'Tv show', 1, '2012-06-14 21:00:04', '2012-06-14 21:00:04'),
(142695605765331, 500, 'Arch Enemy', 'Musician/band', 1, '2012-06-22 01:02:38', '2012-06-22 01:02:38'),
(142743165740370, 584, 'Some Guy Doing Stuff', 'Company', 1, '2012-06-24 06:08:53', '2012-06-24 06:08:53'),
(143253979025868, 501, 'Manuel Neuer', 'Public figure', 1, '2012-06-22 01:02:38', '2012-06-22 01:02:38'),
(145400902158030, 264, 'Microsoft/TechStudent Germany', 'Computers/technology', 1, '2012-06-15 01:31:04', '2012-06-15 01:31:04'),
(148207281897412, 587, 'Joko und Klaas', 'Public figure', 1, '2012-06-24 06:08:53', '2012-06-24 06:08:53'),
(149005675136360, 502, 'Lieferservice.DE | Online Essen Bestellen', 'Food/beverages', 1, '2012-06-22 01:02:38', '2012-06-22 01:02:38'),
(149234265133802, 503, 'Helge Schneider', 'Comedian', 1, '2012-06-22 01:02:39', '2012-06-22 01:02:39'),
(149365371874351, 631, 'Brüder Mannesmann Werkzeuge GmbH', 'Industrials', 1, '2013-07-05 12:30:45', '2013-07-05 12:30:45'),
(150552388343703, 632, 'Google Make Me Smart .', 'Public figure', 1, '2013-07-05 12:30:45', '2013-07-05 12:30:45'),
(151055431586827, 102, 'Doffiné Internet- & IT-Service', 'Internet/software', 1, '2012-06-13 12:42:22', '2012-06-13 12:42:22'),
(151257564912304, 633, 'IAA - Internationale Automobilausstellung', 'Local business', 1, '2013-07-05 12:30:45', '2013-07-05 12:30:45'),
(151739584917598, 634, 'E-MEDIAD', 'Consulting/business services', 1, '2013-07-05 12:30:45', '2013-07-05 12:30:45'),
(152011514838999, 504, 'Theaterschule Aachen Für Schauspiel und Regie', 'Local business', 1, '2012-06-22 01:02:38', '2012-06-22 01:02:38'),
(152133728206514, 426, 'HP Touchpad 32 GB WIFI | notebooksbilliger.de', 'Product/service', 1, '2012-06-20 03:35:09', '2012-06-20 03:35:09'),
(152306518156691, NULL, 'Ghostbusters', 'Movie', 1, '2012-06-14 21:00:04', '2012-06-14 21:00:04'),
(152971434730603, 505, 'K.St.V Pruthenia im KV zu Aachen', 'Community organization', 1, '2012-06-22 01:02:38', '2012-06-22 01:02:38'),
(153765268036736, 506, 'Die fabelhafte Welt der Amélie - Le fabuleux destin d’Amélie Poulain', 'Movie', 1, '2012-06-22 01:02:38', '2012-06-22 01:02:38'),
(154559664574822, 245, 'Bistro Bierbaum', 'Local business', 1, '2012-06-15 11:06:17', '2012-06-15 11:06:17'),
(154798851253259, 635, 'FiLm ViDeO Just For Laughs', 'Entertainment website', 1, '2013-07-05 12:30:45', '2013-07-05 12:30:45'),
(154818694577939, 236, 'Heros of Newerth', 'Playlist', 1, '2012-06-14 09:00:04', '2012-06-14 09:00:04'),
(156654331012455, 284, 'Internationaler Jogginghosentag', 'Cause', 1, '2012-06-16 07:42:53', '2012-06-16 07:42:53'),
(157016207674452, 636, 'OpenIDEO', 'Community', 1, '2013-07-05 12:30:45', '2013-07-05 12:30:45'),
(158177410996992, 637, 'Jocks No Joker', 'Community', 1, '2013-07-05 12:30:45', '2013-07-05 12:30:45'),
(159431734127012, 357, '3 Day Startup Germany', 'Non-profit organization', 1, '2012-06-20 02:55:36', '2012-06-20 02:55:36'),
(159708307389766, 589, 'yRides', 'Website', 1, '2012-06-24 06:08:53', '2012-06-24 06:08:53'),
(161050783911326, 697, 'Indian Commercials', 'Entertainment website', 1, '2013-09-19 01:47:18', '2013-09-19 01:47:18'),
(161066817312078, 545, 'Känguru', 'Comedian', 1, '2012-06-22 01:02:37', '2012-06-22 01:02:37'),
(161339747301619, 638, 'Missing those dayssssssssss..........', 'Video', 1, '2013-07-05 12:30:45', '2013-07-05 12:30:45'),
(161604803891265, 606, 'The Big Lebowski', 'Movie', 1, '2012-06-24 06:08:53', '2012-06-24 06:08:53'),
(162355620453122, 285, 'Tunnelblick-Music', 'Musician/band', 1, '2012-06-16 07:42:52', '2012-06-16 07:42:52'),
(162629997121827, 567, 'Snatch', 'Movie', 1, '2012-06-22 01:02:38', '2012-06-22 01:02:38'),
(163184660367959, 639, 'The Wedding Filmer', 'Studio', 1, '2013-07-05 12:30:45', '2013-07-05 12:30:45'),
(163920630320697, 590, 'Dubl-Trouble', 'Musician/band', 1, '2012-06-24 06:08:53', '2012-06-24 06:08:53'),
(165061350189214, 507, 'Mr Muffin', 'Entertainer', 1, '2012-06-22 01:02:38', '2012-06-22 01:02:38'),
(165389193478677, NULL, 'Westernhagen', 'Musician/band', 1, '2012-06-14 21:00:04', '2012-06-14 21:00:04'),
(166451126707043, 312, 'Hangover', 'Movie', 1, '2012-06-16 07:42:52', '2012-06-16 07:42:52'),
(167655926599481, 640, 'Haimspiel Media GmbH', 'Internet/software', 1, '2013-07-05 12:30:45', '2013-07-05 12:30:45'),
(170700836293714, 508, 'X-Men Movies', 'Movie', 1, '2012-06-22 01:02:38', '2012-06-22 01:02:38'),
(171059756318268, 641, 'Chanakya Niti', 'Society/culture website', 1, '2013-07-05 12:30:45', '2013-07-05 12:30:45'),
(171895886205909, 509, 'Marc-Uwe Kling', 'Fictional character', 1, '2012-06-22 01:02:37', '2012-06-22 01:02:37'),
(171979386148180, 116, 'VDSt Aachen-Breslau II', 'Non-profit organization', 1, '2012-06-13 04:46:32', '2012-06-13 04:46:32'),
(172362606149996, 642, 'Fraunhofer FIT - Standort', 'Local business', 1, '2013-07-05 12:30:45', '2013-07-05 12:30:45'),
(172439896105471, 427, 'IdeaLab! - The Founders Conference', 'Non-profit organization', 1, '2012-06-20 03:35:09', '2012-06-20 03:35:09'),
(172987026052478, 643, 'AISA (Association of Indian Students in Aachen)', 'Community', 1, '2013-07-05 12:30:45', '2013-07-05 12:30:45'),
(173697385974820, 644, 'Monster India', 'Product/service', 1, '2013-07-05 12:30:45', '2013-07-05 12:30:45'),
(174137569304784, 645, 'Navya', 'Public figure', 1, '2013-07-05 12:30:45', '2013-07-05 12:30:45'),
(174494535916627, 333, 'Nothingface', 'Musician/band', 1, '2012-06-20 02:11:53', '2012-06-20 02:11:53'),
(176734662373358, 511, 'Laurahelena Photography&Model', 'Artist', 1, '2012-06-22 01:02:38', '2012-06-22 01:02:38'),
(177550668942114, 512, 'Unsere Generation…  Wenn du als Kind in den 90er Jahren lebtest, kannst du froh sein in einer der letzten Epochen der wahren Kindheit aufgewachsen zu sein. Wir kamen von der Schule heim und brauchten fuer die Hausaufgaben nicht laenger als fuer das Mitt', 'Website', 1, '2012-06-22 01:02:38', '2012-06-22 01:02:38'),
(178876842204548, 647, 'Studifahrten', 'Travel/leisure', 1, '2013-07-05 12:30:45', '2013-07-05 12:30:45'),
(179173798840114, 334, 'Hellraiser', 'Movie', 1, '2012-06-20 02:11:53', '2012-06-20 02:11:53'),
(179289645439852, 428, 'Soundrop', 'App page', 1, '2012-06-20 03:35:09', '2012-06-20 03:35:09'),
(179403312117362, 127, 'Kill Bill', 'Movie', 1, '2012-06-13 12:42:22', '2012-06-13 12:42:22'),
(181128678565670, 513, 'Carolingia', 'Local business', 1, '2012-06-22 01:02:38', '2012-06-22 01:02:38'),
(181592211859254, 592, 'Kreftich', 'Musician/band', 1, '2012-06-24 06:08:53', '2012-06-24 06:08:53'),
(182048651837990, 246, 'Event Bowling', 'Sports venue', 1, '2012-06-15 11:06:17', '2012-06-15 11:06:17'),
(182162001806727, NULL, 'adidas', 'Company', 1, '2012-06-14 21:00:04', '2012-06-14 21:00:04'),
(182704345105896, 593, 'Hafenliebe', 'Arts/entertainment/nightlife', 1, '2012-06-24 06:08:53', '2012-06-24 06:08:53'),
(183723551693069, 648, 'Aachener Studenten Flohmarkt', 'Community', 1, '2013-07-05 12:30:45', '2013-07-05 12:30:45'),
(185190938165926, 358, 'At The Drive In', 'Musician/band', 1, '2012-06-20 02:55:36', '2012-06-20 02:55:36'),
(187199394665811, 568, 'American Beauty', 'Movie', 1, '2012-06-22 01:02:38', '2012-06-22 01:02:38'),
(190903860926204, 609, 'Evonik', 'Company', 1, '2012-06-24 06:08:53', '2012-06-24 06:08:53'),
(191086184257985, 515, 'Das Känguru-Manifest', 'Book', 1, '2012-06-22 01:02:37', '2012-06-22 01:02:37'),
(191538764200478, 649, 'Social Plugins', 'Website', 1, '2013-07-05 12:30:45', '2013-07-05 12:30:45'),
(192531334162231, 516, 'Theater Jurakowa-Projekt', 'Community', 1, '2012-06-22 01:02:38', '2012-06-22 01:02:38'),
(195843020454275, 569, 'The Matrix', 'Movie', 1, '2012-06-14 09:00:04', '2012-06-14 09:00:04'),
(196673390377905, 694, 'Entertainment', 'Community', 1, '2013-07-05 12:30:45', '2013-07-05 12:30:45'),
(196842717018616, 517, 'Stefan Peters', 'Actor/director', 1, '2012-06-22 01:02:38', '2012-06-22 01:02:38'),
(198333840215130, 336, 'From Dusk Till Dawn', 'Movie', 1, '2012-06-20 02:11:53', '2012-06-20 02:11:53'),
(200651173311631, 340, 'Essener Verkehrs-AG (EVAG)', 'Local business', 1, '2012-06-20 02:19:07', '2012-06-20 02:19:07'),
(204130609661354, 651, 'Pu.Madhavpriya Swami', 'Community', 1, '2013-07-05 12:30:45', '2013-07-05 12:30:45'),
(204204086261859, 518, 'Die Känguru-Chroniken', 'Book', 1, '2012-06-22 01:02:37', '2012-06-22 01:02:37'),
(204465002920292, 289, 'NON-STOP NYAN CAT!', 'Website', 1, '2012-06-16 07:42:52', '2012-06-16 07:42:52'),
(204911309559882, 247, 'Julian Meichsner Photography', 'Artist', 1, '2012-06-15 11:06:17', '2012-06-15 11:06:17'),
(205803906099760, NULL, 'Burschenschaft Teutonia', 'Local business', 1, '2012-06-22 13:02:38', '2012-06-22 13:02:38'),
(208159545950179, 652, 'Satyamev Jayate', 'Tv show', 1, '2013-07-05 12:30:45', '2013-07-05 12:30:45'),
(215421285199690, 654, 'Culture@Germany', 'Community', 1, '2013-07-05 12:30:45', '2013-07-05 12:30:45'),
(216345508447481, 594, 'Massive+', 'Musician/band', 1, '2012-06-24 06:08:53', '2012-06-24 06:08:53'),
(217296371747555, 655, 'OOZEE Technologies', 'Internet/software', 1, '2013-07-05 12:30:45', '2013-07-05 12:30:45'),
(225839694099622, 291, 'TU Dortmund Fakultaet Bio- und Chemieingenieurwesen', 'University', 1, '2012-06-16 07:42:52', '2012-06-16 07:42:52'),
(227217473962365, 249, 'Interbowling Aachen', 'Local business', 1, '2012-06-15 11:06:17', '2012-06-15 11:06:17');
INSERT INTO `cake_facebook_likes` (`id`, `interest_id`, `name`, `category`, `active`, `created`, `modified`) VALUES
(228305623846705, 292, 'Cleverbot', 'Website', 1, '2012-06-16 07:42:52', '2012-06-16 07:42:52'),
(229197930430239, 572, 'Gladiator', 'Movie', 1, '2012-06-22 01:02:38', '2012-06-22 01:02:38'),
(229514460396870, 595, 'Gefällt mir nicht', 'Non-profit organization', 1, '2012-06-24 06:08:53', '2012-06-24 06:08:53'),
(231470813604950, 430, 'Basement Nossa ft. Michel Telo (Leaderbeats Remix)', 'Unknown', 1, '2012-06-20 03:35:09', '2012-06-20 03:35:09'),
(232530536780583, 656, 'I Am Proud To Be An Indian', 'Community', 1, '2013-07-05 12:30:45', '2013-07-05 12:30:45'),
(232565353459008, 657, 'Navi Haliyad Prathmik Shala', 'School', 1, '2013-07-05 12:30:45', '2013-07-05 12:30:45'),
(232734580073604, 343, 'Mario', 'Fictional character', 1, '2012-06-20 02:19:07', '2012-06-20 02:19:07'),
(235855563129853, 658, 'I built myself, so I''m inspired by myself', 'Public figure', 1, '2013-07-05 12:30:45', '2013-07-05 12:30:45'),
(237088832987624, 659, 'b-it: Bonn-Aachen International Center for Information Technology', 'University', 1, '2013-07-05 12:30:45', '2013-07-05 12:30:45'),
(237375452985708, 660, 'engineering108.com', 'Website', 1, '2013-07-05 12:30:45', '2013-07-05 12:30:45'),
(238898262843011, 661, 'Amazing Fun wid Best Buddys, Germany.', 'Video', 1, '2013-07-05 12:30:45', '2013-07-05 12:30:45'),
(241060792610956, 662, 'ISIC India', 'Product/service', 1, '2013-07-05 12:30:45', '2013-07-05 12:30:45'),
(241806149201604, 663, 'I am Programmer,I have no life.', 'Computers/technology', 1, '2013-07-05 12:30:45', '2013-07-05 12:30:45'),
(244550715605970, 341, 'Mario Gomez', 'Athlete', 1, '2012-06-20 02:19:07', '2012-06-20 02:19:07'),
(246344278767961, 338, 'Batman Begins', 'Movie', 1, '2012-06-20 02:11:53', '2012-06-20 02:11:53'),
(247863625331579, 664, 'Ina Huppers Photography', 'Artist', 1, '2013-07-05 12:30:45', '2013-07-05 12:30:45'),
(251211918250432, 665, 'Ukash - Want to use your cash online? Now you can', 'Company', 1, '2013-07-05 12:30:45', '2013-07-05 12:30:45'),
(251353808252087, 573, 'A Beautiful Mind', 'Movie', 1, '2012-06-22 01:02:38', '2012-06-22 01:02:38'),
(252524194864538, 668, 'Save Environment- Tips', 'Community', 1, '2013-07-05 12:30:45', '2013-07-05 12:30:45'),
(252925901409925, 431, 'SecretMatch-test', 'Website', 1, '2012-06-20 03:35:09', '2012-06-20 03:35:09'),
(263747706990543, 432, 'Heldenklang - Sternenkinder', 'Unknown', 1, '2012-06-20 03:35:09', '2012-06-20 03:35:09'),
(264736436916330, 526, 'The Chorus (Les Choristes)', 'Movie', 1, '2012-06-22 01:02:38', '2012-06-22 01:02:38'),
(268273306636021, 669, 'Swaminarayan gurukul vallabh vidhyanagar', 'Education', 1, '2013-07-05 12:30:45', '2013-07-05 12:30:45'),
(271558692933132, 670, 'miacosa', 'Business/economy website', 1, '2013-07-05 12:30:45', '2013-07-05 12:30:45'),
(273058856113933, 671, 'Samsung Mobile Deutschland', 'Telecommunication', 1, '2013-07-05 12:30:45', '2013-07-05 12:30:45'),
(275955982428189, 528, 'MyFnetwork', 'App page', 1, '2012-06-22 01:02:38', '2012-06-22 01:02:38'),
(293683943985096, 250, 'Next Generation Women Leaders', 'Company', 1, '2012-06-15 11:06:17', '2012-06-15 11:06:17'),
(300090480097459, 673, 'Test Page', 'Sports league', 1, '2013-07-05 12:30:45', '2013-07-05 12:30:45'),
(300319530029853, 674, 'DDU Tips', 'Community', 1, '2013-07-05 12:30:45', '2013-07-05 12:30:45'),
(302804649755523, 675, 'Dance India Dance', 'Tv show', 1, '2013-07-05 12:30:45', '2013-07-05 12:30:45'),
(306430396123877, 676, 'Most Amazing Videos', 'Music video', 1, '2013-07-05 12:30:45', '2013-07-05 12:30:45'),
(311122265641693, 677, 'NTechnosoft', 'Consulting/business services', 1, '2013-07-05 12:30:45', '2013-07-05 12:30:45'),
(316224941788856, 296, 'Now thats a review!', 'Unknown', 1, '2012-06-16 07:42:52', '2012-06-16 07:42:52'),
(330258107058508, 679, 'Ich liebe Deutsch', 'Community', 1, '2013-07-05 12:30:45', '2013-07-05 12:30:45'),
(331288023558058, 104, 'Facebook for Every Phone', 'App page', 1, '2012-06-13 12:42:22', '2012-06-13 12:42:22'),
(332230276836847, NULL, 'Pete K', 'Musician/band', 1, '2012-06-20 15:35:09', '2012-06-20 15:35:09'),
(335807629847228, 680, 'Afcorta', 'Mining/materials', 1, '2013-07-05 12:30:45', '2013-07-05 12:30:45'),
(341719392624456, 699, 'NAMO INDIA', 'Community', 1, '2013-09-19 01:47:18', '2013-09-19 01:47:18'),
(344775945589742, 681, 'Golf Post', 'Recreation/sports website', 1, '2013-07-05 12:30:45', '2013-07-05 12:30:45'),
(353594141355620, NULL, 'photo', 'Unknown', 1, '2012-06-15 13:31:04', '2012-06-15 13:31:04'),
(361900173840139, 253, 'Stoppt ACTA in Aachen', 'Community', 1, '2012-06-15 11:06:17', '2012-06-15 11:06:17'),
(371033766270484, NULL, 'Falling Down', 'Movie', 1, '2012-06-16 19:42:52', '2012-06-16 19:42:52'),
(371583629589684, 683, 'Video Inspiration', 'Community', 1, '2013-07-05 12:30:45', '2013-07-05 12:30:45'),
(374364779252369, 272, '❼', 'Magazine', 1, '2012-06-15 01:31:04', '2012-06-15 01:31:04'),
(391825457601500, 700, 'Holi Colour Festival - Aachen', 'Concert tour', 1, '2013-09-19 01:47:18', '2013-09-19 01:47:18'),
(395890440473664, 685, 'Shree Swaminarayan Gurukul Vidyanagar', 'Non-governmental organization (ngo)', 1, '2013-07-05 12:30:45', '2013-07-05 12:30:45'),
(426058490786200, 686, 'SGVP Darshan', 'Non-profit organization', 1, '2013-07-05 12:30:45', '2013-07-05 12:30:45'),
(447592598639733, 687, 'Plangeist', 'Education', 1, '2013-07-05 12:30:45', '2013-07-05 12:30:45'),
(464114846956315, 701, 'TheNewBoston', 'Community', 1, '2013-09-19 01:47:18', '2013-09-19 01:47:18'),
(617747311608866, 703, 'Short Video Student Festival at B-IT', 'University', 1, '2013-09-19 01:47:18', '2013-09-19 01:47:18');

-- --------------------------------------------------------

--
-- Table structure for table `cake_facebook_profiles`
--

CREATE TABLE IF NOT EXISTS `cake_facebook_profiles` (
  `id` bigint(20) NOT NULL AUTO_INCREMENT,
  `fb_id` bigint(20) NOT NULL,
  `user_id` bigint(20) NOT NULL,
  `name` varchar(50) DEFAULT NULL,
  `link` varchar(50) DEFAULT NULL,
  `username` varchar(50) DEFAULT NULL,
  `birthday` date DEFAULT NULL,
  `created` datetime DEFAULT NULL,
  `modified` datetime DEFAULT NULL,
  PRIMARY KEY (`id`)
) ENGINE=InnoDB  DEFAULT CHARSET=utf8 AUTO_INCREMENT=14 ;

--
-- Dumping data for table `cake_facebook_profiles`
--

INSERT INTO `cake_facebook_profiles` (`id`, `fb_id`, `user_id`, `name`, `link`, `username`, `birthday`, `created`, `modified`) VALUES
(1, 100000325830809, 19, 'Marius Small', 'http://www.facebook.com/caaain', 'caaain', '1970-01-01', '2012-06-13 12:42:21', '2012-06-13 12:42:21'),
(2, 100001234897924, 20, 'Hendrik Thüs', 'http://www.facebook.com/sky1233', 'sky1233', '1970-01-01', '2012-06-13 04:39:15', '2012-06-13 04:39:15'),
(3, 100000332621186, 22, 'Lucas Brutschy', 'http://www.facebook.com/lbrutschy', 'lbrutschy', '1970-01-01', '2012-06-14 04:34:22', '2012-06-14 04:34:22'),
(5, 100002478799111, 24, 'Jennifer Lierenfeld', 'http://www.facebook.com/jennifer.lierenfeld', 'jennifer.lierenfeld', '1970-01-01', '2012-06-15 11:06:16', '2012-06-15 11:06:16'),
(6, 100000877645088, 25, 'Esra Yalcin', 'http://www.facebook.com/esra.yalcin.12', 'esra.yalcin.12', '1970-01-01', '2012-06-15 01:27:13', '2012-06-15 01:27:13'),
(7, 1441537980, 26, 'Jonas Jonason', 'http://www.facebook.com/jonas.jonason.1', 'jonas.jonason.1', '1970-01-01', '2012-06-16 07:42:51', '2012-06-16 07:42:51'),
(8, 100003928487673, 27, 'Hans Franz', 'http://www.facebook.com/profile.php?id=10000392848', NULL, '1970-01-01', '2012-06-20 02:08:04', '2012-06-20 02:08:04'),
(9, 100000809981791, 28, 'Paul Heiniz', 'http://www.facebook.com/paul.heiniz', 'paul.heiniz', NULL, '2012-06-20 14:55:35', '2012-06-20 14:55:35'),
(10, 100002877868951, 29, 'Wolfgang Kluth', 'http://www.facebook.com/wolfgang.kluth', 'wolfgang.kluth', NULL, '2012-06-20 15:35:06', '2012-06-20 15:35:06'),
(11, 100000155315447, 32, 'Stefan Peters', 'http://www.facebook.com/stefan.peters.965', 'stefan.peters.965', NULL, '2012-06-22 13:02:35', '2012-06-22 13:02:35'),
(12, 100000055782784, 33, 'Ingo Pongo', 'http://www.facebook.com/jenneffa.hurra', 'jenneffa.hurra', '1970-01-01', '2012-06-24 06:08:52', '2012-06-24 06:08:52'),
(13, 100000221712993, 35, 'Vairag Godhani', 'https://www.facebook.com/viru.choco', 'viru.choco', '1970-01-01', '2013-07-05 12:30:44', '2013-07-05 12:30:44');

-- --------------------------------------------------------

--
-- Table structure for table `cake_facebook_profiles_likes`
--

CREATE TABLE IF NOT EXISTS `cake_facebook_profiles_likes` (
  `facebook_like_id` varchar(255) NOT NULL,
  `facebook_profile_id` varchar(255) NOT NULL,
  PRIMARY KEY (`facebook_like_id`,`facebook_profile_id`)
) ENGINE=InnoDB DEFAULT CHARSET=utf8;

--
-- Dumping data for table `cake_facebook_profiles_likes`
--

INSERT INTO `cake_facebook_profiles_likes` (`facebook_like_id`, `facebook_profile_id`) VALUES
('100414343662', '11'),
('100885193818', '7'),
('101925766514531', '11'),
('10212595263', '11'),
('10212595263', '8'),
('102146853181314', '11'),
('102372683171093', '11'),
('103081439732002', '5'),
('103124423061436', '8'),
('103130426393616', '13'),
('103154229725544', '11'),
('103398523028348', '13'),
('103493343016255', '8'),
('103636093053996', '11'),
('103805609657840', '11'),
('103819456322763', '11'),
('103891629647813', '11'),
('104000809639043', '12'),
('104015162968222', '11'),
('104025929633061', '8'),
('104034436299747', '9'),
('104056389629631', '11'),
('104068019629311', '11'),
('104072652962475', '2'),
('104072652962475', '9'),
('104079282963296', '11'),
('104109362957551', '12'),
('10429446003', '9'),
('104860842887580', '13'),
('104882679549857', '7'),
('104949722884292', '13'),
('104956949616', '7'),
('105538432813162', '7'),
('105604026138857', '6'),
('105605429473939', '12'),
('105608322805571', '11'),
('105613569486567', '1'),
('105613569486567', '7'),
('105634886138092', '11'),
('105638652803531', '11'),
('105960549434629', '11'),
('106032302760747', '11'),
('10603266018', '9'),
('106106489421091', '5'),
('106124519426688', '11'),
('106187256079300', '11'),
('106250359405280', '11'),
('106421642722339', '11'),
('106526516050184', '5'),
('106526516050184', '8'),
('106553426035009', '11'),
('106602966061813', '11'),
('107112332720702', '13'),
('107470789282621', '12'),
('107568082606700', '3'),
('107680842594652', '11'),
('107703752585980', '13'),
('108049556340', '13'),
('108066319243337', '11'),
('108089935892068', '1'),
('108132109214686', '11'),
('108132462548163', '11'),
('108133575874847', '1'),
('108168782538599', '12'),
('108173215878011', '11'),
('108173215878011', '3'),
('108207265867975', '11'),
('108216792533895', '7'),
('108242515862622', '11'),
('108313242531001', '11'),
('108324369188388', '9'),
('108395849184595', '13'),
('108461249178487', '11'),
('108638719208679', '5'),
('10897743675', '9'),
('109026129147689', '11'),
('109147839104102', '5'),
('109215802431732', '11'),
('109252335759366', '11'),
('109271802425631', '11'),
('109290412438658', '7'),
('109349602416398', '9'),
('10935460954', '9'),
('109373122422588', '5'),
('109386945754251', '9'),
('109394462636', '11'),
('109472262413043', '11'),
('109472262413043', '9'),
('109482295740916', '13'),
('109513332400575', '6'),
('109520502407851', '11'),
('109584652395911', '11'),
('109592655734436', '12'),
('109597529058281', '11'),
('109615619056553', '11'),
('109651092398535', '2'),
('109697765726264', '11'),
('109843155707761', '1'),
('110163159006215', '8'),
('110183025682532', '9'),
('110303348998770', '8'),
('110475388978628', '7'),
('110475388978628', '9'),
('11071120908', '12'),
('110758342277781', '2'),
('110887438935986', '13'),
('110893595602631', '5'),
('111082162248881', '11'),
('111364132247550', '13'),
('111731982176091', '7'),
('11177446882', '11'),
('111807898908144', '13'),
('111831648833294', '11'),
('112085118808667', '9'),
('112146662135501', '11'),
('112173338795475', '11'),
('112222605460779', '11'),
('112237562125534', '11'),
('112483385444822', '8'),
('112517425457609', '5'),
('112574435420627', '11'),
('112665908745660', '11'),
('112681022080555', '5'),
('112842988801190', '1'),
('112842988801190', '11'),
('112842988801190', '12'),
('112842988801190', '8'),
('112863205395980', '11'),
('112903188724535', '11'),
('112933485406955', '11'),
('112986722137794', '1'),
('112986722137794', '7'),
('113087208704982', '11'),
('113154160599', '2'),
('113185085359765', '7'),
('113281522018599', '12'),
('113337825343690', '11'),
('113383308674771', '12'),
('113389998674785', '11'),
('113513331995655', '9'),
('113593205383575', '6'),
('113735338636492', '11'),
('113758351993776', '2'),
('114371265245182', '8'),
('114450185241364', '13'),
('11455644806', '1'),
('114751001881490', '11'),
('114782338534249', '1'),
('115393811836969', '8'),
('115744368466449', '11'),
('116065438458743', '8'),
('11606846690', '3'),
('116228668474945', '1'),
('116524375509', '7'),
('117792538231720', '3'),
('118376684901629', '9'),
('118749444805398', '13'),
('11884229652', '3'),
('118843458195668', '9'),
('119269651452993', '12'),
('11929466453', '9'),
('119410741469917', '11'),
('119702488081975', '9'),
('120150954691329', '13'),
('120439547991570', '5'),
('120446001351495', '12'),
('120724814621467', '6'),
('123241427688000', '13'),
('12350780802', '9'),
('123515234338747', '11'),
('123545484331329', '7'),
('124332397670285', '13'),
('125938460770575', '9'),
('12604171859', '1'),
('126297554069537', '5'),
('126646544103694', '11'),
('12673567174', '8'),
('126939717387657', '2'),
('127487914576', '3'),
('12805064845', '7'),
('128801742581', '13'),
('12887942787', '11'),
('12887942787', '8'),
('129415137106116', '2'),
('131453246935509', '11'),
('131572223581891', '8'),
('131704393549116', '11'),
('132563476071', '1'),
('132563476071', '7'),
('132579486771391', '11'),
('133319852155', '13'),
('134659563447', '13'),
('134659563447', '9'),
('134963129902181', '9'),
('135365373170315', '11'),
('135679163136736', '7'),
('135808799816616', '11'),
('136669623064937', '8'),
('138213373848', '13'),
('138659579773', '5'),
('138671468053', '1'),
('138671468053', '7'),
('138671468053', '9'),
('13960261187', '11'),
('140104438902', '12'),
('141407905956735', '5'),
('141545972523915', '11'),
('141927505869316', '12'),
('141973839152649', '8'),
('142695605765331', '11'),
('142743165740370', '12'),
('143253979025868', '11'),
('144469379586', '12'),
('145016446140', '12'),
('145400902158030', '6'),
('14644790067', '11'),
('146790007393', '13'),
('14789022498', '3'),
('148207281897412', '12'),
('149005675136360', '11'),
('149234265133802', '11'),
('149365371874351', '13'),
('150509031323', '7'),
('150552388343703', '13'),
('15060155415', '2'),
('151055431586827', '1'),
('151257564912304', '13'),
('15155960214', '1'),
('151739584917598', '13'),
('152011514838999', '11'),
('152133728206514', '10'),
('152377501511', '13'),
('152971434730603', '11'),
('153765268036736', '11'),
('154559664574822', '5'),
('154798851253259', '13'),
('15526475270', '12'),
('15526475270', '2'),
('15526475270', '7'),
('156654331012455', '7'),
('157016207674452', '13'),
('157033703778', '12'),
('157102206640', '7'),
('158177410996992', '13'),
('159431734127012', '9'),
('159708307389766', '12'),
('161050783911326', '13'),
('161066817312078', '11'),
('161339747301619', '13'),
('161604803891265', '12'),
('162355620453122', '7'),
('162629997121827', '11'),
('163184660367959', '13'),
('163920630320697', '12'),
('165061350189214', '11'),
('166451126707043', '7'),
('167528651335', '8'),
('167655926599481', '13'),
('169098340541', '12'),
('169514194710', '6'),
('170700836293714', '11'),
('171059756318268', '13'),
('17174318188', '9'),
('171895886205909', '11'),
('171979386148180', '2'),
('172109161101', '12'),
('172109161101', '7'),
('172362606149996', '13'),
('172439896105471', '10'),
('172987026052478', '13'),
('173697385974820', '13'),
('174115021306', '11'),
('174137569304784', '13'),
('174494535916627', '8'),
('176734662373358', '11'),
('177550668942114', '11'),
('17780227654', '13'),
('178876842204548', '13'),
('179173798840114', '8'),
('179289645439852', '10'),
('179403312117362', '1'),
('181128678565670', '11'),
('181592211859254', '12'),
('181979466599', '7'),
('181979466599', '9'),
('182048651837990', '5'),
('18254279085', '2'),
('182704345105896', '12'),
('18279403944', '1'),
('183723551693069', '13'),
('18452288248', '9'),
('185190938165926', '9'),
('187199394665811', '11'),
('189068598411', '11'),
('18957981609', '2'),
('190903860926204', '12'),
('191086184257985', '11'),
('191538764200478', '13'),
('19159654256', '7'),
('192531334162231', '11'),
('19311247240', '9'),
('195843020454275', '11'),
('196673390377905', '13'),
('196842717018616', '11'),
('197394889304', '11'),
('19787971220', '8'),
('198333840215130', '8'),
('19891061755', '13'),
('19975077227', '10'),
('200651173311631', '8'),
('204130609661354', '13'),
('204204086261859', '11'),
('204465002920292', '7'),
('204911309559882', '5'),
('205016761117', '11'),
('205803906099760', '11'),
('20638794288', '9'),
('208159545950179', '13'),
('210768188705', '13'),
('212216417436', '11'),
('21230560760', '8'),
('21411215352', '3'),
('215421285199690', '13'),
('21570237112', '11'),
('216345508447481', '12'),
('21720030334', '9'),
('217296371747555', '13'),
('21785951839', '7'),
('21872489496', '3'),
('21987463952', '5'),
('220779885077', '3'),
('22271024344', '11'),
('22330837712', '11'),
('22476490672', '3'),
('22476490672', '9'),
('22516413022', '6'),
('225839694099622', '7'),
('22684243192', '11'),
('227217473962365', '5'),
('228305623846705', '7'),
('229197930430239', '11'),
('22934684677', '1'),
('22934684677', '11'),
('22934684677', '7'),
('22934684677', '9'),
('229514460396870', '12'),
('23104471892', '13'),
('231470813604950', '10'),
('232530536780583', '13'),
('232565353459008', '13'),
('232734580073604', '8'),
('23519525029', '11'),
('235855563129853', '13'),
('235870589611', '9'),
('237088832987624', '13'),
('237375452985708', '13'),
('237837278879', '11'),
('238898262843011', '13'),
('241060792610956', '13'),
('241100506423', '6'),
('241806149201604', '13'),
('242567287243', '6'),
('244550715605970', '8'),
('24609282673', '2'),
('24609282673', '7'),
('246344278767961', '8'),
('246648288079', '2'),
('247863625331579', '13'),
('24895071624', '2'),
('251211918250432', '13'),
('251353808252087', '11'),
('252352771394', '13'),
('252382316547', '13'),
('252524194864538', '13'),
('252925901409925', '10'),
('260680088535', '11'),
('262653413177', '2'),
('263747706990543', '10'),
('264736436916330', '11'),
('26577443487', '2'),
('266872843888', '11'),
('26748225422', '2'),
('268273306636021', '13'),
('270715249602', '12'),
('27142611128', '9'),
('271558692933132', '13'),
('273058856113933', '13'),
('275955982428189', '11'),
('281588321313', '7'),
('28529629984', '9'),
('290511358900', '13'),
('29112278285', '6'),
('293683943985096', '5'),
('294981361675', '6'),
('29534858696', '1'),
('29534858696', '11'),
('29534858696', '2'),
('295470844311', '7'),
('296850250029', '7'),
('296867082223', '11'),
('300090480097459', '13'),
('300319530029853', '13'),
('30255245291', '11'),
('302804649755523', '13'),
('30467381145', '6'),
('306430396123877', '13'),
('311122265641693', '13'),
('316224941788856', '7'),
('316577211070', '2'),
('317574913105', '12'),
('32070737365', '11'),
('321031023382', '9'),
('32178582215', '3'),
('32411237163', '11'),
('32434463140', '6'),
('324597014257', '5'),
('328589570213', '13'),
('330258107058508', '13'),
('331288023558058', '1'),
('332230276836847', '10'),
('332687231201', '11'),
('33319219987', '8'),
('335807629847228', '13'),
('341719392624456', '13'),
('34318561335', '9'),
('344775945589742', '13'),
('34529401165', '11'),
('34713758816', '9'),
('351412895832', '5'),
('353594141355620', '6'),
('355307289342', '9'),
('355386385621', '13'),
('359129892456', '12'),
('361900173840139', '5'),
('36211311648', '6'),
('36211311648', '8'),
('36556850780', '12'),
('371033766270484', '7'),
('371583629589684', '13'),
('372576534580', '13'),
('374364779252369', '6'),
('38711482013', '9'),
('39082832518', '3'),
('39082832518', '9'),
('391825457601500', '13'),
('395890440473664', '13'),
('39644305296', '11'),
('39644305296', '12'),
('39644305296', '2'),
('39644305296', '9'),
('40754806306', '9'),
('426058490786200', '13'),
('42798291365', '7'),
('43413980024', '9'),
('44333731214', '12'),
('44438564784', '7'),
('44736973472', '9'),
('447592598639733', '13'),
('44843851974', '12'),
('45769549403', '11'),
('45907623491', '7'),
('464114846956315', '13'),
('464382310650', '13'),
('47361427864', '2'),
('47718122031', '11'),
('47822269847', '9'),
('48382669205', '6'),
('49218554014', '13'),
('494637910144', '11'),
('494637910144', '7'),
('494637910144', '9'),
('49491894003', '7'),
('50812608637', '11'),
('52193296770', '13'),
('52268280111', '9'),
('5361113535', '7'),
('5423059518', '9'),
('54553802566', '9'),
('55339791254', '9'),
('55541179466', '9'),
('57072191853', '12'),
('5720169626', '13'),
('6002137995', '7'),
('60144069162', '7'),
('6084842529', '9'),
('6092929747', '9'),
('6174621106', '7'),
('617747311608866', '13'),
('6226458530', '9'),
('6232473727', '9'),
('63037549101', '7'),
('6358122812', '9'),
('64329753663', '11'),
('6568083986', '7'),
('6707887502', '8'),
('6708787004', '7'),
('67162930965', '9'),
('67400590475', '7'),
('67919847338', '7'),
('6798562721', '7'),
('6798562721', '9'),
('68816265924', '11'),
('69116329538', '1'),
('69178204322', '1'),
('6979332244', '3'),
('7037088595', '11'),
('7091561785', '11'),
('7185342985', '11'),
('7444699828', '9'),
('75564782046', '13'),
('7655939996', '12'),
('76613428183', '7'),
('77756968445', '12'),
('7807422276', '1'),
('7807422276', '11'),
('7807422276', '2'),
('7807422276', '6'),
('7807422276', '7'),
('7857633077', '9'),
('78883723363', '2'),
('7890846826', '11'),
('7914733474', '7'),
('79276278497', '12'),
('7996074839', '8'),
('80018166118', '11'),
('8062627951', '10'),
('8062627951', '9'),
('82061850555', '5'),
('8210451787', '11'),
('8210451787', '2'),
('8225281300', '7'),
('8277005269', '7'),
('84373376522', '11'),
('8484195962', '9'),
('8484647103', '9'),
('85571972977', '7'),
('8584479036', '11'),
('88008444969', '11'),
('8825759963', '3'),
('88788758703', '8'),
('8879242845', '3'),
('8959695308', '9'),
('91009013616', '13'),
('91290503700', '1'),
('9183509140', '9'),
('92638355802', '10'),
('9304112207', '11'),
('94289470471', '8'),
('95828437400', '12'),
('9588466619', '2'),
('96029103777', '13'),
('9794158555', '11'),
('98502629459', '7');

-- --------------------------------------------------------

--
-- Table structure for table `cake_googleplus_profiles`
--

CREATE TABLE IF NOT EXISTS `cake_googleplus_profiles` (
  `id` varchar(255) NOT NULL,
  `user_id` bigint(20) NOT NULL,
  `displayName` varchar(255) DEFAULT NULL,
  `gender` varchar(255) DEFAULT NULL,
  `url` varchar(255) DEFAULT NULL,
  `birthday` date DEFAULT NULL,
  `created` datetime DEFAULT NULL,
  `modified` datetime DEFAULT NULL,
  PRIMARY KEY (`id`)
) ENGINE=InnoDB DEFAULT CHARSET=utf8;

-- --------------------------------------------------------

--
-- Table structure for table `cake_graphs`
--

CREATE TABLE IF NOT EXISTS `cake_graphs` (
  `id` bigint(20) NOT NULL AUTO_INCREMENT,
  `user_id` bigint(20) NOT NULL,
  `privacy_level` tinyint(4) NOT NULL DEFAULT '0',
  `groundcategory_id` bigint(20) DEFAULT NULL,
  `filename` varchar(255) NOT NULL,
  PRIMARY KEY (`id`)
) ENGINE=InnoDB  DEFAULT CHARSET=utf8 AUTO_INCREMENT=91 ;

--
-- Dumping data for table `cake_graphs`
--

INSERT INTO `cake_graphs` (`id`, `user_id`, `privacy_level`, `groundcategory_id`, `filename`) VALUES
(29, 20, 0, NULL, 'json_4fd8ab27d4fe6.txt'),
(30, 20, 1, NULL, 'json_4fd8ab285cbd6.txt'),
(47, 22, 0, NULL, 'json_4fda01e281985.txt'),
(48, 22, 1, NULL, 'json_4fda01e58f41d.txt'),
(55, 24, 0, NULL, 'json_4fdafc28d0d32.txt'),
(56, 24, 1, NULL, 'json_4fdafc2979822.txt'),
(59, 25, 0, NULL, 'json_4fdb243296f8f.txt'),
(60, 25, 1, NULL, 'json_4fdb243377c2e.txt'),
(61, 26, 0, NULL, 'json_4fdcc631573da.txt'),
(62, 26, 1, NULL, 'json_4fdcc633168ff.txt'),
(69, 27, 0, NULL, 'json_4fe1c16694e7a.txt'),
(70, 27, 1, NULL, 'json_4fe1c16864c56.txt'),
(71, 28, 0, NULL, 'json_4fe1ca0825f94.txt'),
(72, 28, 1, NULL, 'json_4fe1ca0b962b6.txt'),
(76, 32, 0, NULL, 'json_4fe458a091dc9.txt'),
(77, 32, 1, NULL, 'json_4fe458a8795b3.txt'),
(81, 33, 0, NULL, 'json_4fe73cc564123.txt'),
(82, 33, 1, NULL, 'json_4fe73cc68abda.txt'),
(85, 19, 0, NULL, 'json_50170ad4bcb07.txt'),
(86, 19, 1, NULL, 'json_50170adabb366.txt'),
(87, 34, 0, NULL, 'json_51d5f99291992.txt'),
(88, 34, 1, NULL, 'json_51d5f99319584.txt'),
(89, 35, 0, NULL, 'json_523ae50b8471b.txt'),
(90, 35, 1, NULL, 'json_523ae50c2c922.txt');

-- --------------------------------------------------------

--
-- Table structure for table `cake_groundcategories`
--

CREATE TABLE IF NOT EXISTS `cake_groundcategories` (
  `name` varchar(255) DEFAULT NULL,
  `id` bigint(20) NOT NULL DEFAULT '0',
  PRIMARY KEY (`id`)
) ENGINE=InnoDB DEFAULT CHARSET=utf8;

--
-- Dumping data for table `cake_groundcategories`
--

INSERT INTO `cake_groundcategories` (`name`, `id`) VALUES
('Personen', 234852),
('Musik', 235486),
('Sport', 235635),
('Politik', 236156),
('Filme', 236627),
('Orte', 237336),
('TV Serien', 363000),
('Mode', 448458),
('Personengruppe', 453570),
('Computerspiele', 2418239);

-- --------------------------------------------------------

--
-- Table structure for table `cake_groundcategories_interests`
--

CREATE TABLE IF NOT EXISTS `cake_groundcategories_interests` (
  `interest_id` bigint(20) NOT NULL,
  `groundcategory_id` varchar(255) NOT NULL,
  PRIMARY KEY (`interest_id`,`groundcategory_id`)
) ENGINE=InnoDB DEFAULT CHARSET=utf8;

--
-- Dumping data for table `cake_groundcategories_interests`
--

INSERT INTO `cake_groundcategories_interests` (`interest_id`, `groundcategory_id`) VALUES
(96, '235486'),
(96, '453570'),
(97, '234852'),
(97, '235486'),
(98, '236627'),
(100, '236156'),
(100, '236627'),
(101, '234852'),
(101, '235486'),
(101, '453570'),
(103, '363000'),
(106, '363000'),
(107, '236627'),
(108, '234852'),
(108, '235486'),
(109, '234852'),
(109, '235486'),
(109, '236627'),
(110, '235486'),
(110, '453570'),
(113, '363000'),
(115, '236627'),
(117, '236627'),
(117, '363000'),
(118, '363000'),
(121, '234852'),
(121, '236627'),
(126, '236627'),
(128, '236627'),
(128, '363000'),
(129, '234852'),
(129, '235486'),
(129, '236156'),
(129, '236627'),
(129, '453570'),
(130, '234852'),
(130, '235486'),
(130, '453570'),
(131, '234852'),
(131, '235486'),
(132, '234852'),
(132, '235486'),
(132, '453570'),
(133, '234852'),
(133, '235486'),
(134, '235486'),
(134, '453570'),
(136, '235486'),
(136, '453570'),
(137, '235486'),
(137, '453570'),
(138, '234852'),
(138, '235486'),
(139, '234852'),
(139, '235486'),
(139, '453570'),
(140, '235486'),
(140, '453570'),
(141, '234852'),
(141, '235486'),
(142, '234852'),
(142, '235486'),
(142, '453570'),
(143, '234852'),
(143, '235486'),
(144, '235486'),
(144, '453570'),
(145, '234852'),
(145, '235486'),
(145, '236627'),
(146, '235486'),
(146, '453570'),
(147, '234852'),
(147, '235486'),
(147, '453570'),
(148, '234852'),
(148, '235486'),
(148, '453570'),
(149, '234852'),
(149, '235486'),
(150, '235486'),
(150, '453570'),
(151, '234852'),
(151, '235486'),
(152, '234852'),
(152, '235486'),
(154, '234852'),
(154, '235486'),
(154, '453570'),
(155, '234852'),
(155, '235486'),
(155, '236627'),
(156, '235486'),
(156, '453570'),
(157, '234852'),
(157, '235486'),
(157, '236627'),
(159, '234852'),
(159, '235486'),
(160, '235486'),
(160, '236627'),
(160, '453570'),
(161, '234852'),
(161, '235486'),
(161, '236627'),
(162, '234852'),
(162, '235486'),
(162, '235635'),
(162, '453570'),
(163, '234852'),
(163, '235486'),
(164, '235486'),
(164, '453570'),
(165, '234852'),
(165, '235486'),
(165, '453570'),
(166, '234852'),
(166, '235486'),
(166, '453570'),
(167, '234852'),
(167, '235486'),
(168, '234852'),
(168, '235486'),
(168, '236627'),
(169, '234852'),
(169, '235486'),
(170, '235486'),
(170, '453570'),
(171, '235486'),
(171, '453570'),
(172, '234852'),
(172, '235486'),
(173, '235486'),
(173, '453570'),
(174, '235486'),
(174, '453570'),
(175, '234852'),
(175, '235486'),
(175, '453570'),
(176, '235486'),
(176, '453570'),
(177, '235486'),
(177, '453570'),
(178, '234852'),
(178, '235486'),
(179, '234852'),
(179, '235486'),
(180, '234852'),
(180, '235486'),
(181, '234852'),
(181, '235486'),
(183, '235486'),
(183, '453570'),
(184, '235486'),
(184, '453570'),
(185, '235486'),
(185, '453570'),
(186, '235486'),
(186, '453570'),
(188, '234852'),
(188, '235486'),
(189, '234852'),
(189, '235486'),
(190, '235486'),
(190, '453570'),
(191, '235486'),
(191, '453570'),
(195, '234852'),
(195, '235486'),
(195, '453570'),
(198, '236627'),
(199, '236156'),
(202, '234852'),
(202, '235486'),
(202, '453570'),
(204, '236156'),
(204, '237336'),
(205, '234852'),
(205, '235486'),
(205, '453570'),
(206, '234852'),
(206, '235486'),
(207, '234852'),
(207, '235486'),
(208, '235486'),
(208, '453570'),
(209, '235486'),
(209, '453570'),
(211, '235486'),
(211, '453570'),
(212, '235486'),
(212, '453570'),
(213, '234852'),
(213, '235486'),
(214, '234852'),
(214, '235486'),
(215, '235486'),
(215, '453570'),
(216, '234852'),
(216, '235486'),
(216, '453570'),
(217, '234852'),
(217, '235486'),
(218, '234852'),
(218, '235486'),
(218, '453570'),
(219, '234852'),
(219, '235486'),
(220, '235486'),
(220, '453570'),
(221, '235486'),
(221, '453570'),
(222, '234852'),
(222, '235486'),
(223, '235486'),
(223, '453570'),
(224, '234852'),
(224, '235486'),
(224, '453570'),
(225, '234852'),
(225, '235486'),
(226, '235486'),
(226, '453570'),
(227, '235486'),
(227, '453570'),
(228, '234852'),
(228, '235486'),
(228, '235635'),
(229, '235486'),
(229, '453570'),
(230, '236156'),
(230, '2418239'),
(231, '235486'),
(231, '453570'),
(234, '234852'),
(234, '235635'),
(235, '234852'),
(235, '235486'),
(235, '236627'),
(257, '235635'),
(258, '2418239'),
(260, '234852'),
(260, '235486'),
(260, '453570'),
(266, '234852'),
(266, '235486'),
(267, '234852'),
(267, '235486'),
(269, '234852'),
(269, '235486'),
(271, '363000'),
(273, '234852'),
(273, '235486'),
(274, '363000'),
(275, '235486'),
(275, '453570'),
(276, '236627'),
(276, '363000'),
(277, '236627'),
(278, '236627'),
(281, '236627'),
(282, '234852'),
(282, '235486'),
(288, '235486'),
(288, '453570'),
(294, '363000'),
(295, '236156'),
(297, '235486'),
(297, '453570'),
(299, '363000'),
(300, '236627'),
(301, '234852'),
(301, '235486'),
(301, '453570'),
(302, '2418239'),
(303, '234852'),
(303, '235486'),
(303, '453570'),
(305, '363000'),
(307, '236627'),
(309, '235486'),
(310, '236627'),
(312, '236627'),
(313, '363000'),
(314, '2418239'),
(315, '236627'),
(315, '363000'),
(317, '235486'),
(317, '453570'),
(322, '234852'),
(322, '235486'),
(326, '235486'),
(326, '453570'),
(328, '235486'),
(328, '453570'),
(329, '235486'),
(329, '453570'),
(330, '235486'),
(331, '236627'),
(332, '235486'),
(332, '453570'),
(333, '235486'),
(333, '453570'),
(334, '236627'),
(335, '234852'),
(335, '235486'),
(335, '453570'),
(336, '236156'),
(336, '236627'),
(338, '236627'),
(341, '234852'),
(341, '235635'),
(342, '235635'),
(342, '236156'),
(344, '235635'),
(345, '235486'),
(345, '453570'),
(346, '234852'),
(346, '235486'),
(346, '453570'),
(348, '235486'),
(348, '453570'),
(349, '363000'),
(350, '236627'),
(352, '234852'),
(352, '236627'),
(353, '234852'),
(353, '235486'),
(354, '234852'),
(354, '235486'),
(355, '363000'),
(356, '234852'),
(356, '236627'),
(359, '234852'),
(359, '235486'),
(359, '453570'),
(360, '235486'),
(360, '453570'),
(362, '234852'),
(362, '235486'),
(362, '453570'),
(363, '235486'),
(363, '453570'),
(365, '2418239'),
(366, '236156'),
(366, '236627'),
(370, '234852'),
(372, '363000'),
(373, '234852'),
(373, '235486'),
(374, '235486'),
(374, '453570'),
(375, '235486'),
(375, '453570'),
(376, '235486'),
(376, '453570'),
(378, '235486'),
(378, '453570'),
(380, '234852'),
(380, '235486'),
(380, '453570'),
(384, '235486'),
(384, '453570'),
(386, '235486'),
(386, '453570'),
(387, '235486'),
(387, '453570'),
(388, '235486'),
(388, '453570'),
(391, '235486'),
(391, '453570'),
(392, '235486'),
(392, '453570'),
(393, '235486'),
(393, '453570'),
(394, '235486'),
(394, '453570'),
(395, '234852'),
(395, '235486'),
(396, '235486'),
(396, '453570'),
(397, '234852'),
(397, '235486'),
(397, '453570'),
(398, '235486'),
(398, '453570'),
(399, '235486'),
(399, '453570'),
(400, '234852'),
(400, '235486'),
(401, '234852'),
(401, '235486'),
(402, '235486'),
(402, '453570'),
(403, '235486'),
(403, '236156'),
(403, '453570'),
(404, '236156'),
(405, '235486'),
(405, '453570'),
(406, '235486'),
(406, '453570'),
(407, '235486'),
(407, '453570'),
(408, '236627'),
(408, '363000'),
(409, '235486'),
(409, '236627'),
(409, '2418239'),
(409, '363000'),
(410, '363000'),
(411, '235486'),
(411, '453570'),
(414, '363000'),
(415, '234852'),
(415, '235486'),
(415, '453570'),
(416, '235486'),
(416, '453570'),
(417, '236156'),
(417, '236627'),
(418, '234852'),
(418, '235486'),
(419, '235486'),
(419, '453570'),
(420, '235486'),
(420, '453570'),
(421, '234852'),
(421, '235486'),
(422, '236627'),
(422, '363000'),
(423, '236627'),
(423, '2418239'),
(423, '363000'),
(424, '235486'),
(424, '453570'),
(425, '234852'),
(425, '235486'),
(425, '453570'),
(436, '235486'),
(436, '453570'),
(437, '235486'),
(437, '453570'),
(439, '234852'),
(439, '235486'),
(440, '234852'),
(440, '235486'),
(442, '235486'),
(442, '453570'),
(444, '235486'),
(444, '453570'),
(446, '235486'),
(452, '235486'),
(452, '453570'),
(454, '234852'),
(454, '236156'),
(455, '234852'),
(455, '235635'),
(457, '234852'),
(458, '236627'),
(459, '234852'),
(459, '236627'),
(460, '234852'),
(460, '235486'),
(460, '453570'),
(461, '236627'),
(462, '234852'),
(462, '236627'),
(463, '234852'),
(463, '236627'),
(464, '236627'),
(466, '234852'),
(466, '235635'),
(467, '234852'),
(467, '236627'),
(469, '234852'),
(469, '236156'),
(470, '235635'),
(470, '236156'),
(470, '236627'),
(472, '236627'),
(473, '234852'),
(473, '236627'),
(476, '234852'),
(476, '236627'),
(477, '234852'),
(477, '235486'),
(478, '235486'),
(478, '453570'),
(480, '234852'),
(480, '236627'),
(481, '234852'),
(483, '234852'),
(483, '235486'),
(484, '234852'),
(484, '236627'),
(485, '234852'),
(485, '236627'),
(486, '234852'),
(486, '236627'),
(487, '235486'),
(487, '453570'),
(488, '234852'),
(488, '235635'),
(493, '235486'),
(494, '234852'),
(495, '234852'),
(495, '235635'),
(495, '453570'),
(498, '234852'),
(498, '236627'),
(500, '235486'),
(500, '453570'),
(501, '234852'),
(501, '235635'),
(503, '234852'),
(503, '235486'),
(503, '236627'),
(509, '234852'),
(509, '235486'),
(513, '236156'),
(521, '235486'),
(521, '453570'),
(522, '234852'),
(522, '235486'),
(522, '236156'),
(522, '236627'),
(524, '235635'),
(527, '235486'),
(527, '453570'),
(529, '234852'),
(529, '235635'),
(531, '234852'),
(531, '235635'),
(532, '234852'),
(532, '235635'),
(533, '235486'),
(533, '453570'),
(534, '235486'),
(534, '453570'),
(535, '235486'),
(537, '234852'),
(537, '236627'),
(538, '234852'),
(539, '234852'),
(539, '236627'),
(540, '234852'),
(540, '236627'),
(541, '235486'),
(541, '453570'),
(542, '234852'),
(543, '236627'),
(544, '234852'),
(544, '235486'),
(544, '453570'),
(546, '234852'),
(546, '235486'),
(546, '453570'),
(547, '363000'),
(548, '235486'),
(548, '453570'),
(549, '235486'),
(550, '235635'),
(550, '236156'),
(551, '236156'),
(551, '237336'),
(552, '236627'),
(553, '236627'),
(554, '236627'),
(555, '235635'),
(556, '235486'),
(556, '453570'),
(557, '235486'),
(557, '453570'),
(559, '234852'),
(559, '235635'),
(560, '235486'),
(563, '235486'),
(563, '453570'),
(564, '234852'),
(564, '235486'),
(564, '236156'),
(564, '236627'),
(567, '236627'),
(568, '236627'),
(569, '236627'),
(570, '235635'),
(571, '235486'),
(571, '453570'),
(572, '236627'),
(573, '236627'),
(574, '234852'),
(574, '235635'),
(575, '234852'),
(575, '235486'),
(575, '453570'),
(576, '234852'),
(576, '235486'),
(576, '453570'),
(577, '234852'),
(578, '235486'),
(579, '363000'),
(601, '235635'),
(606, '236627'),
(611, '236627'),
(611, '363000'),
(613, '235486'),
(613, '453570'),
(619, '234852'),
(619, '235486'),
(624, '234852'),
(624, '236627');

-- --------------------------------------------------------

--
-- Table structure for table `cake_interests`
--

CREATE TABLE IF NOT EXISTS `cake_interests` (
  `id` bigint(20) NOT NULL AUTO_INCREMENT,
  `name` varchar(255) NOT NULL,
  `wikipedia_id` varchar(255) DEFAULT NULL,
  PRIMARY KEY (`id`)
) ENGINE=InnoDB  DEFAULT CHARSET=utf8 AUTO_INCREMENT=705 ;

--
-- Dumping data for table `cake_interests`
--

INSERT INTO `cake_interests` (`id`, `name`, `wikipedia_id`) VALUES
(94, 'Masta Ace', '1417663'),
(95, 'Dendemann', '822754'),
(96, 'Beastie Boys', '129020'),
(97, 'Prinz Pi', '1173161'),
(98, 'Pulp Fiction', '3915'),
(99, 'Auto Stamm GmbH', NULL),
(100, 'Zwei glorreiche Halunken', '197987'),
(101, 'Deichkind', '3138117'),
(102, 'Doffiné Internet- & IT-Service', NULL),
(103, 'The Big Bang Theory', '3604522'),
(104, 'Facebook for Every Phone', NULL),
(105, 'Facebook Site Governance', NULL),
(106, 'How I Met Your Mother', '2723222'),
(107, 'Inception', '5531632'),
(108, 'Kool Savas', '322219'),
(109, 'Snoop Dogg', '147347'),
(110, 'Blumentopf', '271455'),
(111, 'FANTASY Dance FM 96.7', NULL),
(112, 'Aachen, Germany', NULL),
(113, 'Mystery Science Theater 3000', '537509'),
(114, 'TECHNO4EVER', NULL),
(115, 'Iron Sky', '6456576'),
(116, 'VDSt Aachen-Breslau II', NULL),
(117, 'Family Guy', '231834'),
(118, 'Blue Mountain State', '5286604'),
(119, 'Geil, geiler, tätowiert', NULL),
(120, 'Hak5', NULL),
(121, 'Megan Fox', '2806996'),
(122, 'THE NEW KIDS', NULL),
(123, 'HARDCORE', NULL),
(124, 'Monkey Island Adventures', NULL),
(125, 'Asa', '216806'),
(126, 'American Pie', '464989'),
(127, 'Kill Bill', '2902569'),
(128, 'The Simpsons', '1017770'),
(129, 'The Beatles', '11891'),
(130, 'Steely Dan', '71711'),
(131, 'Al Jarreau', '224335'),
(132, 'Digitalism', '2699577'),
(133, 'Dusko Goykovich', '1723394'),
(134, 'Bob Marley & The Wailers', '93652'),
(135, 'The RH Factor', NULL),
(136, 'Massive Töne', '817148'),
(137, 'Amplifier', '899154'),
(138, 'Aṣa', '3559063'),
(139, 'Dynamite Deluxe', '722094'),
(140, 'Icke und Er', '1919850'),
(141, 'Stefanie Heinzmann', '3204054'),
(142, 'Fünf Sterne Deluxe', '403086'),
(143, 'D-Flame', '486229'),
(144, 'Creutzfeld & Jakob', '915799'),
(145, 'Xzibit', '544234'),
(146, 'Eins Zwo', '407730'),
(147, 'Turntablerocker', '2361871'),
(148, 'Seeed', '3856762'),
(149, 'Al Green', '253182'),
(150, 'Beginner', '61564'),
(151, 'Dr. Dre', '125225'),
(152, 'Amy Winehouse', '846622'),
(153, 'Lena', '27528'),
(154, 'The Rolling Stones', '103644'),
(155, 'Jan Delay', '56282'),
(156, 'Cypress Hill', '270935'),
(157, 'Marius Müller-Westernhagen', '4129832'),
(158, 'Roger', '723444'),
(159, 'Anthony B', '41402'),
(160, 'Gorillaz', '520798'),
(161, 'Elvis Presley', '5415851'),
(162, 'Michael Jackson', '16882'),
(163, 'Thomas D', '279670'),
(164, 'Son Goku', '2436137'),
(165, 'Fettes Brot', '117507'),
(166, 'Freundeskreis', '102193'),
(167, 'Sizzla', '159970'),
(168, 'Herbert Grönemeyer', '37232'),
(169, 'Gentleman', '554315'),
(170, 'Modest Mouse', '274100'),
(171, 'Huss und Hodn', '3936045'),
(172, 'PeterLicht', '589356'),
(173, 'I Am Kloot', '393055'),
(174, 'Clap Your Hands Say Yeah', '1151819'),
(175, 'Arcade Fire', '830557'),
(176, 'Death Cab for Cutie', '1040829'),
(177, '65daysofstatic', '1401043'),
(178, 'Olli Banjo', '1090405'),
(179, 'Aimee Mann', '459702'),
(180, 'Thom Yorke', '562078'),
(181, 'Laura Veirs', '1686743'),
(182, '31Knots', NULL),
(183, 'Bloc Party', '549794'),
(184, 'The Coral', '1468428'),
(185, 'The White Stripes', '108759'),
(186, 'Babyshambles', '472517'),
(187, 'Team Avantgarde', NULL),
(188, 'Dizzee Rascal', '581882'),
(189, 'José González', '1181660'),
(190, 'Biffy Clyro', '1565976'),
(191, 'Atmosphere', '500483'),
(192, 'Memento', '170639'),
(193, 'Madvillain', NULL),
(194, 'The Oatmeal', NULL),
(195, 'Daft Punk', '118593'),
(196, 'Eyjafjallajökull', '147622'),
(197, 'Mike Skinner and The Streets', NULL),
(198, 'Sublime', '2758003'),
(199, 'Xkcd', '2819139'),
(200, 'Hudson Mohawke', NULL),
(201, 'SOJU', NULL),
(202, 'Justice', '2923748'),
(203, 'Kimchi', '20088'),
(204, 'Seoul', '49277'),
(205, 'Radiohead', '87152'),
(206, 'Shad', '5735680'),
(207, 'Sufjan Stevens', '781809'),
(208, 'Arctic Monkeys', '1001521'),
(209, 'Bright Eyes', '258540'),
(210, 'Muse', '266645'),
(211, 'Tortoise', '160743'),
(212, 'Art Brut', '896595'),
(213, 'Adam Green', '316457'),
(214, 'Björk', '586'),
(215, 'Portishead', '35398'),
(216, 'Tocotronic', '27100'),
(217, 'The Streets', '291463'),
(218, 'Rage Against the Machine', '3333004'),
(219, 'JAW', '4644763'),
(220, 'Interpol', '471886'),
(221, 'Wilco', '866091'),
(222, 'Kanye West', '201560'),
(223, 'The Libertines', '222781'),
(224, 'Coldplay', '180048'),
(225, 'Justus', '1486078'),
(226, 'Sublime', '282387'),
(227, 'Snow Patrol', '320422'),
(228, 'Jack Johnson', '294601'),
(229, 'Mando Diao', '4764607'),
(230, 'Diablo 3', '36247'),
(231, 'Guns N'' Roses', '131861'),
(232, 'Heros of Newerth', NULL),
(233, 'The Jimi Hendrix Experience Official Page', NULL),
(234, 'Bastian Schweinsteiger', '229757'),
(235, 'Ringo Starr', '57482'),
(236, 'Heros of Newerth', NULL),
(237, 'The Jimi Hendrix Experience Official Page', NULL),
(238, 'Dancesport', NULL),
(239, 'Equestrianism', NULL),
(240, 'Microsoft Studentenleben', NULL),
(241, 'Career Center der RWTH Aachen University', NULL),
(242, 'talKIT - Das Wirtschafts- und Technologieforum am KIT', NULL),
(243, 'Booz & Company Recruiting GSA', NULL),
(244, 'Mentoring Informatik RWTH Aachen University', NULL),
(245, 'Bistro Bierbaum', NULL),
(246, 'Event Bowling', NULL),
(247, 'Julian Meichsner Photography', NULL),
(248, 'McKinsey & Company', '257722'),
(249, 'Interbowling Aachen', NULL),
(250, 'Next Generation Women Leaders', NULL),
(251, 'Karriere bei Accenture', NULL),
(252, 'Fachschaft Mathematik/Physik/Informatik an der RWTH Aachen', NULL),
(253, 'Stoppt ACTA in Aachen', NULL),
(254, 'Fitness', NULL),
(255, 'Dominion', NULL),
(256, 'League of Legends', NULL),
(257, 'Schach', '4717'),
(258, 'Die Siedler von Catan', '9363'),
(259, 'Swimming', '3191548'),
(260, 'Metallica', '823074'),
(261, 'Avrupa Yakası', NULL),
(262, 'Filmstudio an der RWTH Aachen', NULL),
(263, 'SOUL CITY | Cologne''s Brand New Rare Soul Nighter', NULL),
(264, 'Microsoft/TechStudent Germany', NULL),
(265, 'Fangkiebassbeton - THE REAL MOTHERFUNKER -', NULL),
(266, 'John Legend', '893247'),
(267, 'Aloe Blacc', '5526186'),
(268, '"STOP! STOP! STOP! - Nicht senden!" *Nachricht gesendet* "NEIN, SHIIIT!"', NULL),
(269, 'Musiq Soulchild', '2391335'),
(270, 'soulsender.de - soulful • urban • radio', NULL),
(271, 'Two and a Half Men', '848353'),
(272, '❼', NULL),
(273, 'Bruno Mars', '5409871'),
(274, 'Scrubs', '463999'),
(275, 'Jay Ziskrout', '120253'),
(276, 'Avatar: The Last Airbender', '1320879'),
(277, 'Napoleon Dynamite', '568799'),
(278, 'Inland Empire', '1712744'),
(279, 'Mc Lovin', NULL),
(280, 'NewKids', NULL),
(281, 'Idiocracy', '2237059'),
(282, 'Clueso', '382656'),
(283, 'Super Meat Boy!', NULL),
(284, 'Internationaler Jogginghosentag', NULL),
(285, 'Tunnelblick-Music', NULL),
(286, 'Figgestube', NULL),
(287, 'NEON Unnützes Wissen', NULL),
(288, 'Massive Attack', '133558'),
(289, 'NON-STOP NYAN CAT!', NULL),
(290, '9GAG', NULL),
(291, 'TU Dortmund Fakultaet Bio- und Chemieingenieurwesen', NULL),
(292, 'Cleverbot', '6465545'),
(293, 'Heartless', NULL),
(294, 'Black Books', '1491822'),
(295, 'Ingenieure ohne Grenzen e.V.', '2306889'),
(296, 'Now thats a review!', NULL),
(297, 'K.I.Z.', '1218828'),
(298, 'Mos Def Official', NULL),
(299, 'The IT Crowd', '1295014'),
(300, 'Scott Pilgrim vs. the World', '5559647'),
(301, 'Kings Of Leon', '2226746'),
(302, 'Heroes of Newerth', '5269495'),
(303, 'Run DMC', '284862'),
(304, 'Cyanide & Happiness', NULL),
(305, 'Breaking Bad', '3594967'),
(306, 'Skittles', '6149314'),
(307, 'Superbad', '2936124'),
(308, 'TEKKEN', NULL),
(309, 'Laut.de', '1172895'),
(310, 'Falling Down', '1031770'),
(311, 'Dexter', '3793089'),
(312, 'Hangover', '4559939'),
(313, 'Community', '5653527'),
(314, 'Steam', '62194'),
(315, 'South Park', '122556'),
(316, 'Books of Blood', NULL),
(317, 'Raised Fist', '253567'),
(318, 'The Dead Kennedys', NULL),
(319, 'Srubs', NULL),
(320, 'Necroscope', '586145'),
(321, 'The Books of Abarat', NULL),
(322, 'Eric Clapton', '92491'),
(323, 'Batman: The Dark Knight', NULL),
(324, 'Led Zeppelin Official', NULL),
(325, 'CHronik der Unsterblichen', NULL),
(326, 'Dropkick Murphys', '544149'),
(327, 'The-Haunted', NULL),
(328, 'Flogging Molly', '1440722'),
(329, 'Dire Straits', '1046633'),
(330, 'TV total', '138853'),
(331, 'Reservoir Dogs', '34478'),
(332, 'The Strokes', '139519'),
(333, 'Nothingface', '4635947'),
(334, 'Hellraiser', '306451'),
(335, 'Nine Inch Nails', '50951'),
(336, 'From Dusk Till Dawn', '34140'),
(337, 'Korn', '17601'),
(338, 'Batman Begins', '757560'),
(339, '300', '25294'),
(340, 'Essener Verkehrs-AG (EVAG)', NULL),
(341, 'Mario Gomez', '738719'),
(342, 'FC Bayern München', '3437350'),
(343, 'Mario', '208076'),
(344, 'Bundesliga', '19026'),
(345, 'The xx', '4707385'),
(346, 'Crookers', '4587824'),
(347, 'Official My Name is Earl Page', NULL),
(348, 'A Perfect Circle', '231638'),
(349, 'Freaks and Geeks', '1880917'),
(350, 'Detroit Metal City', '4068599'),
(351, 'Regular Show', NULL),
(352, 'Steve Buscemi', '293734'),
(353, 'Skrillex', '6352886'),
(354, 'Boys Noize', '3160675'),
(355, 'Boardwalk Empire', '5583282'),
(356, 'Serdar Somuncu', '219428'),
(357, '3 Day Startup Germany', NULL),
(358, 'At The Drive In', NULL),
(359, 'The Chemical Brothers', '258393'),
(360, 'Evergreen Terrace', '690972'),
(361, 'Bloody Beetroots - Death Crew 77', NULL),
(362, 'The Presets', '3768553'),
(363, 'I Set My Friends On Fire', '5070061'),
(364, 'Adventure Time', NULL),
(365, 'Angry Video Game Nerd', '3355484'),
(366, 'Boondock Saints', '507034'),
(367, 'Nostalgia Critic aka That Guy With The Glasses', NULL),
(368, 'Bud Spencer & Terence Hill', NULL),
(369, 'As I Lay Dying Official', NULL),
(370, 'Terry Pratchett', '10742'),
(371, 'bring back  invader zim', NULL),
(372, 'Prison Break', '2731981'),
(373, 'M.I.A.', '815033'),
(374, 'Foals', '3621186'),
(375, 'Does It Offend You, Yeah?', '3410384'),
(376, 'Coheed and Cambria', '360639'),
(377, 'Gründerszene', NULL),
(378, 'Agnostic Front', '193576'),
(379, 'TechCrunch', '3509568'),
(380, 'Enter Shikari', '2247338'),
(381, 'RMIT University', '3440550'),
(382, 'deutsche-startups.de', NULL),
(383, 'Panic! At the Disco', NULL),
(384, 'We Are Scientists', '1720033'),
(385, 'He Is Legend', NULL),
(386, 'Dúné', '2976485'),
(387, 'Taking Back Sunday', '643567'),
(388, 'Atreyu', '745181'),
(389, 'The Italian Stallion', NULL),
(390, 'The Revolvers', NULL),
(391, 'Sick Of It All', '88783'),
(392, 'Comeback Kid', '2389431'),
(393, 'Suicidal Tendencies', '183786'),
(394, 'The Distillers', '380747'),
(395, 'Eddie Vedder', '629829'),
(396, 'Death Before Dishonor', '2084494'),
(397, 'The Smashing Pumpkins', '103111'),
(398, 'Funeral For A Friend', '719839'),
(399, 'From First To Last', '1051179'),
(400, 'MC Lars', '5229255'),
(401, 'Émilie Simon', '1633815'),
(402, 'Heaven Shall Burn', '1210620'),
(403, 'Le Tigre', '407527'),
(404, 'American Psycho', '420937'),
(405, 'AFI', '1166412'),
(406, 'Hatebreed', '2268463'),
(407, 'Silverstein', '1230640'),
(408, 'Arrested Development', '782645'),
(409, 'Bleach', '467254'),
(410, 'The Walking Dead', '5688922'),
(411, 'Tool', '126960'),
(412, 'A Clockwork Orange', '13326'),
(413, 'RWTH Aachen', '1352481'),
(414, 'Heroes', '1861949'),
(415, 'The Prodigy', '62242'),
(416, 'Crystal Castles', '4015541'),
(417, 'Fight Club', '280556'),
(418, 'Peaches', '88354'),
(419, 'Frittenbude', '4622362'),
(420, 'Placebo', '109985'),
(421, 'Robyn', '810609'),
(422, 'The Office', '541196'),
(423, 'Death Note', '926045'),
(424, 'Rise Against', '3484338'),
(425, 'Die Ärzte', '16591'),
(426, 'HP Touchpad 32 GB WIFI | notebooksbilliger.de', NULL),
(427, 'IdeaLab! - The Founders Conference', NULL),
(428, 'Soundrop', NULL),
(429, 'Interaction-Design.org', NULL),
(430, 'Basement Nossa ft. Michel Telo (Leaderbeats Remix)', NULL),
(431, 'SecretMatch-test', NULL),
(432, 'Heldenklang - Sternenkinder', NULL),
(433, 'PollerWiesen', NULL),
(434, 'ampl:tude', NULL),
(435, 'Me Succeeds', NULL),
(436, 'Bodi Bill', '6074769'),
(437, 'SDNMT', '2961617'),
(438, 'Hundreds', NULL),
(439, 'Jamie Cullum', '237316'),
(440, 'Niels Frevert', '426429'),
(441, 'Finn.', NULL),
(442, 'Locas in Love', '2307756'),
(443, 'Norman Palm', NULL),
(444, 'FM Belfast', '6364301'),
(445, 'ter haar', NULL),
(446, 'I Might Be Wrong', '446770'),
(447, 'Dear Reader', NULL),
(448, 'Adhitia Sofyan', NULL),
(449, 'Talking To Turtles', NULL),
(450, 'Touchy Mob', NULL),
(451, 'We Invented Paris', NULL),
(452, 'Beirut', '3091916'),
(453, 'Dillon', '1006582'),
(454, 'Delbo', '3734710'),
(455, 'Benedikt Höwedes', '2931727'),
(456, 'Grenzlandtheater Aachen', '3430596'),
(457, 'Henrik Ibsen', '3973776'),
(458, 'The Shawshank Redemption', '365915'),
(459, 'Kenneth Branagh', '235564'),
(460, 'Subway to Sally', '504392'),
(461, '25th Hour', '445909'),
(462, 'Russell Crowe', '34100'),
(463, 'Johnny Depp', '34767'),
(464, '12 Angry Men', '798901'),
(465, 'Angela Nathalie Gossow', NULL),
(466, 'Klaas-Jan Huntelaar', '1586005'),
(467, 'Jack Lemmon', '103799'),
(468, 'The Swarm', '2295139'),
(469, 'Hagen Rether', '797698'),
(470, 'Forrest Gump', '34993'),
(471, 'Leonce and Lena', NULL),
(472, 'The Usual Suspects', '308516'),
(473, 'Monty Python''s Life of Brian', '31512'),
(474, 'Pont Grill', NULL),
(475, 'Who''s Afraid of Virginia Woolf?', '717134'),
(476, 'Christoph Waltz', '1015547'),
(477, 'Bodo Wartke', '143654'),
(478, 'Van Canto', '2280436'),
(479, 'Spiderman Trilogy', NULL),
(480, 'Kevin Spacey', '2626'),
(481, 'Volker Pispers', '209660'),
(482, 'Huis clos', '782591'),
(483, 'Hansi Kürsch', '354275'),
(484, 'Ralph Fiennes', '34188'),
(485, 'Jack Nicholson', '2475'),
(486, 'Robert De Niro', '4223'),
(487, 'Schandmaul', '447015'),
(488, 'Kyriakos Papadopoulos', '4418018'),
(489, 'The 13½ Lives of Captain Bluebear', NULL),
(490, 'Antenne AC', '997736'),
(491, 'Veil of Illusion', NULL),
(492, 'Die Nationalmannschaft', NULL),
(493, 'Wacken Open Air', '490134'),
(494, 'Jochen Malmsheimer', '1035206'),
(495, 'Thierry Henry', '150573'),
(496, 'Jochen Malmsheimer aus *Essen*', NULL),
(497, 'Julian Draxler - die offizielle Seite', NULL),
(498, 'Dustin Hoffman', '68302'),
(499, 'Back to the Future Trilogy', NULL),
(500, 'Arch Enemy', '530253'),
(501, 'Manuel Neuer', '854511'),
(502, 'Lieferservice.DE | Online Essen Bestellen', NULL),
(503, 'Helge Schneider', '98308'),
(504, 'Theaterschule Aachen Für Schauspiel und Regie', NULL),
(505, 'K.St.V Pruthenia im KV zu Aachen', NULL),
(506, 'Die fabelhafte Welt der Amélie - Le fabuleux destin d’Amélie Poulain', NULL),
(507, 'Mr Muffin', NULL),
(508, 'X-Men Movies', NULL),
(509, 'Marc-Uwe Kling', '3188912'),
(510, 'DAS DA THEATER Aachen', NULL),
(511, 'Laurahelena Photography&Model', NULL),
(512, 'Unsere Generation…  Wenn du als Kind in den 90er Jahren lebtest, kannst du froh sein in einer der letzten Epochen der wahren Kindheit aufgewachsen zu sein. Wir kamen von der Schule heim und brauchten fuer die Hausaufgaben nicht laenger als fuer das Mitt', NULL),
(513, 'Carolingia-Fribourg', '3463177'),
(514, 'Crimson-Oak - Foto & Medien', NULL),
(515, 'Das Känguru-Manifest', NULL),
(516, 'Theater Jurakowa-Projekt', NULL),
(517, 'Stefan Peters', NULL),
(518, 'Die Känguru-Chroniken', NULL),
(519, 'Robert Downey Junior (UK)', NULL),
(520, 'The Lord of the Rings Trilogy (Official Page)', NULL),
(521, 'Blind Guardian', '50838'),
(522, 'Clint Eastwood', '794'),
(523, 'Sheldon Cooper', NULL),
(524, 'Transfermarkt.de', '5667942'),
(525, 'The Ocean''s Series(11,12 & 13)', NULL),
(526, 'The Chorus (Les Choristes)', NULL),
(527, 'Avantasia', '527179'),
(528, 'MyFnetwork', NULL),
(529, 'Joel Matip', '4858536'),
(530, 'Lola Rennt (Run Lola Run)', NULL),
(531, 'Lewis Holtby', '3144567'),
(532, 'Jefferson Farfan', '1524054'),
(533, 'Savage Circus', '719484'),
(534, 'Edguy', '128458'),
(535, 'Theater Aachen', '2482176'),
(536, 'Requiem For a Dream', NULL),
(537, 'Edward Norton', '286053'),
(538, 'William Shakespeare', '5668'),
(539, 'Brad Pitt', '51637'),
(540, 'Al Pacino', '83'),
(541, 'Equilibrium', '1884017'),
(542, 'Friedrich Schiller', '14931'),
(543, 'Sin City', '753528'),
(544, 'Nightwish', '83948'),
(545, 'Känguru', '115187'),
(546, 'Rammstein', '1635234'),
(547, 'Castle', '4941421'),
(548, 'Within Temptation', '433999'),
(549, 'Tanz der Vampire', '1215814'),
(550, 'FC Schalke 04', '3052752'),
(551, 'Aachen', '2674336'),
(552, 'Der Eisbär', '962710'),
(553, 'Fear and Loathing in Las Vegas', '1840408'),
(554, 'Black Swan', '5631373'),
(555, 'FC Arsenal', '120613'),
(556, 'Wise Guys', '77719'),
(557, 'Apocalyptica', '124210'),
(558, 'Die Physiker', '17294'),
(559, 'Raúl González', '239284'),
(560, 'The Clown', '2907209'),
(561, 'Faust I', '17095'),
(562, 'Animal Farm', '47574'),
(563, 'Die Apokalyptischen Reiter', '97059'),
(564, 'Samuel Beckett', '31263'),
(565, 'Emilia Galotti', '4559046'),
(566, 'Amphitryon', '1821862'),
(567, 'Snatch', '275995'),
(568, 'American Beauty', '234774'),
(569, 'The Matrix', '1707651'),
(570, 'FC Barcelona', '2104336'),
(571, 'Rage', '214888'),
(572, 'Gladiator', '24282'),
(573, 'A Beautiful Mind', '33982'),
(574, 'Christian Fuchs', '1216149'),
(575, 'Evanescence', '74862'),
(576, 'Linkin Park', '102178'),
(577, 'Dan Brown', '123181'),
(578, 'Dubstep', '1483489'),
(579, 'King of Queens', '128204'),
(580, 'Orlando, FL', NULL),
(581, 'ALEXANDERKRYSKA', NULL),
(582, 'Universidad Rey Juan Carlos', '1740247'),
(583, 'Chill''R', NULL),
(584, 'Some Guy Doing Stuff', NULL),
(585, 'Yo AMO la Fiesta de Madrid | Se VIP, Enterate el 1º  De las Fiestas, GRATIS', NULL),
(586, 'Tattooed Australians', NULL),
(587, 'Joko und Klaas', NULL),
(588, 'Beat Me Up!', NULL),
(589, 'yRides', NULL),
(590, 'Dubl-Trouble', NULL),
(591, 'Charlie Harper', NULL),
(592, 'Kreftich', NULL),
(593, 'Hafenliebe', NULL),
(594, 'Massive+', NULL),
(595, 'Gefällt mir nicht', NULL),
(596, 'YelaWolf', NULL),
(597, 'Yo nunca, nunca...', NULL),
(598, 'Sports on Facebook', NULL),
(599, 'Kinderschokolade', '264414'),
(600, 'GATOS', NULL),
(601, 'Looping Louie', '2084065'),
(602, 'Me encanta que los flanes salgan bien!', NULL),
(603, 'BIER', NULL),
(604, 'Andrew Samberg', NULL),
(605, 'Tinto de Verano', NULL),
(606, 'The Big Lebowski', '173192'),
(607, 'Pumuckl', '81039'),
(608, 'Fight Club', '5826489'),
(609, 'Evonik Industries', '496416'),
(610, 'Australia', '560658'),
(611, 'Futurama', '57847'),
(612, 'Fear and Loathing in Las Vegas', '36450'),
(613, 'Kaiser Chiefs', '580714'),
(614, 'MAD(e) IN INDIA', NULL),
(615, 'ICH WAR DAS NICHT!!!!!!!!!!!!!!!!!!!!!!!!! achso das.......ja das war ich', NULL),
(616, 'Daimler Career', NULL),
(617, 'SwaminarayanGurukul', NULL),
(618, 'University of Bonn', NULL),
(619, 'Sonu Nigam', '3725756'),
(620, 'Frankfurt University of Applied Sciences', NULL),
(621, 'Monster jobs', NULL),
(622, 'Shree Swaminarayan Gurukul Junagadh', NULL),
(623, 'Shree Swaminarayan gurukul surat', NULL),
(624, 'Martina Hill', '1494645'),
(625, 'Askstudents.de - Jobbörse für Studenten', NULL),
(626, 'Facebook Photo Zoom', NULL),
(627, 'DAAD India', NULL),
(628, 'International Office ISC', NULL),
(629, 'chilloutzone', NULL),
(630, 'DW - Learn German', NULL),
(631, 'Brüder Mannesmann Werkzeuge GmbH', NULL),
(632, 'Google Make Me Smart .', NULL),
(633, 'IAA - Internationale Automobilausstellung', NULL),
(634, 'E-MEDIAD', NULL),
(635, 'FiLm ViDeO Just For Laughs', NULL),
(636, 'OpenIDEO', NULL),
(637, 'Jocks No Joker', NULL),
(638, 'Missing those dayssssssssss..........', NULL),
(639, 'The Wedding Filmer', NULL),
(640, 'Haimspiel Media GmbH', NULL),
(641, 'Chanakya Niti', NULL),
(642, 'Fraunhofer FIT - Standort', NULL),
(643, 'AISA (Association of Indian Students in Aachen)', NULL),
(644, 'Monster India', NULL),
(645, 'Navya', NULL),
(646, 'Dr. Manmohan Singh', NULL),
(647, 'Studifahrten', NULL),
(648, 'Aachener Studenten Flohmarkt', NULL),
(649, 'Social Plugins', NULL),
(650, 'Dropbox', '4674519'),
(651, 'Pu.Madhavpriya Swami', NULL),
(652, 'Satyamev Jayate', NULL),
(653, 'AStA RWTH Aachen', NULL),
(654, 'Culture@Germany', NULL),
(655, 'OOZEE Technologies', NULL),
(656, 'I Am Proud To Be An Indian', NULL),
(657, 'Navi Haliyad Prathmik Shala', NULL),
(658, 'I built myself, so I''m inspired by myself', NULL),
(659, 'b-it: Bonn-Aachen International Center for Information Technology', NULL),
(660, 'engineering108.com', NULL),
(661, 'Amazing Fun wid Best Buddys, Germany.', NULL),
(662, 'ISIC India', NULL),
(663, 'I am Programmer,I have no life.', NULL),
(664, 'Ina Huppers Photography', NULL),
(665, 'Ukash - Want to use your cash online? Now you can', NULL),
(666, 'Indian Air Force', '6033664'),
(667, 'Narendra Modi For PM', NULL),
(668, 'Save Environment- Tips', NULL),
(669, 'Swaminarayan gurukul vallabh vidhyanagar', NULL),
(670, 'miacosa', NULL),
(671, 'Samsung Mobile Deutschland', NULL),
(672, 'Fraunhofer FIT', NULL),
(673, 'Test Page', NULL),
(674, 'DDU Tips', NULL),
(675, 'Dance India Dance', NULL),
(676, 'Most Amazing Videos', NULL),
(677, 'NTechnosoft', NULL),
(678, '300mbfilms', NULL),
(679, 'Ich liebe Deutsch', NULL),
(680, 'Afcorta', NULL),
(681, 'Golf Post', NULL),
(682, 'Chevrolet Europe', NULL),
(683, 'Video Inspiration', NULL),
(684, 'Study in Germany', NULL),
(685, 'Shree Swaminarayan Gurukul Vidyanagar', NULL),
(686, 'SGVP Darshan', NULL),
(687, 'Plangeist', NULL),
(688, 'Lloret Turisme', NULL),
(689, 'Issuu', NULL),
(690, 'Go!Animate', NULL),
(691, 'Campuslife', NULL),
(692, 'Notebooksbilliger.de', '2724400'),
(693, 'Prezi', '5785617'),
(694, 'Entertainment', '3637796'),
(695, 'Ads of the World', NULL),
(696, 'Paintballpark Aachen', NULL),
(697, 'Indian Commercials', NULL),
(698, 'Goethe-Institut - Deutsch lernen', NULL),
(699, 'NAMO INDIA', NULL),
(700, 'Holi Colour Festival - Aachen', NULL),
(701, 'TheNewBoston', NULL),
(702, 'Baba Ramdev', NULL),
(703, 'Short Video Student Festival at B-IT', NULL),
(704, 'Fraunhofer-Gesellschaft', '13757');

-- --------------------------------------------------------

--
-- Table structure for table `cake_lastfm_artists`
--

CREATE TABLE IF NOT EXISTS `cake_lastfm_artists` (
  `id` bigint(20) NOT NULL AUTO_INCREMENT,
  `mbid` varchar(255) NOT NULL,
  `interest_id` bigint(20) DEFAULT NULL,
  `name` varchar(255) NOT NULL,
  `url` varchar(255) DEFAULT NULL,
  `created` datetime NOT NULL,
  `modified` datetime NOT NULL,
  PRIMARY KEY (`id`)
) ENGINE=InnoDB  DEFAULT CHARSET=utf8 AUTO_INCREMENT=225 ;

--
-- Dumping data for table `cake_lastfm_artists`
--

INSERT INTO `cake_lastfm_artists` (`id`, `mbid`, `interest_id`, `name`, `url`, `created`, `modified`) VALUES
(66, '3eab4de9-a578-4327-8909-f90ffc1b8ae5', 110, 'Blumentopf', 'http://www.last.fm/music/Blumentopf', '2012-06-13 05:05:43', '2012-06-13 05:05:43'),
(67, '077716c4-f9cb-4d68-bd41-3ff1c35a5964', 97, 'Prinz Pi', 'http://www.last.fm/music/Prinz+Pi', '2012-06-13 05:05:43', '2012-06-13 05:05:43'),
(68, '49c43c49-328d-4b14-8a1d-be99cafaec14', 148, 'Seeed', 'http://www.last.fm/music/Seeed', '2012-06-13 05:05:43', '2012-06-13 05:05:43'),
(69, 'b10bbbfc-cf9e-42e0-be17-e2c3e1d2600d', 129, 'The Beatles', 'http://www.last.fm/music/The+Beatles', '2012-06-13 05:05:43', '2012-06-13 05:05:43'),
(70, '1a82c7d5-4b47-4a27-8ed5-59f7346386f0', 153, 'Lena', 'http://www.last.fm/music/Lena', '2012-06-13 05:05:43', '2012-06-13 05:05:43'),
(71, 'b071f9fa-14b0-4217-8e97-eb41da73f598', 154, 'The Rolling Stones', 'http://www.last.fm/music/The+Rolling+Stones', '2012-06-13 05:05:43', '2012-06-13 05:05:43'),
(72, '1b7bf2bd-b831-4975-a893-50bad26316a4', 155, 'Jan Delay', 'http://www.last.fm/music/Jan+Delay', '2012-06-13 05:05:43', '2012-06-13 05:05:43'),
(73, '51508c1f-8d07-4a00-9cf1-26c570fe7b78', 156, 'Cypress Hill', 'http://www.last.fm/music/Cypress+Hill', '2012-06-13 05:05:43', '2012-06-13 05:05:43'),
(74, 'fb7272ba-f130-4f0a-934d-6eeea4c18c9a', 149, 'Al Green', 'http://www.last.fm/music/Al+Green', '2012-06-13 05:05:43', '2012-06-13 05:05:43'),
(75, '411a1f3c-fe92-46bf-84ff-05f41466d4cd', 101, 'Deichkind', 'http://www.last.fm/music/Deichkind', '2012-06-13 05:05:43', '2012-06-13 05:05:43'),
(76, '4419c79a-6516-431c-abcc-9f0ff07ff99d', 157, 'Marius Müller-Westernhagen', 'http://www.last.fm/music/Marius+M%C3%BCller-Westernhagen', '2012-06-13 05:05:43', '2012-06-13 05:05:43'),
(77, 'e01c3376-15fa-40d7-b747-5f219bdefdd7', 130, 'Steely Dan', 'http://www.last.fm/music/Steely+Dan', '2012-06-13 05:05:43', '2012-06-13 05:05:43'),
(78, '17d17695-f0e1-46fd-815f-bf577cc5f50d', 109, 'Snoop Dogg', 'http://www.last.fm/music/Snoop+Dogg', '2012-06-13 05:05:43', '2012-06-13 05:05:43'),
(79, '1a856647-59f4-47a3-80b3-b5872264c6dc', 131, 'Al Jarreau', 'http://www.last.fm/music/Al+Jarreau', '2012-06-13 05:05:43', '2012-06-13 05:05:43'),
(80, '0d3fee60-12ad-4826-84f8-1e6d653f6b7e', 158, 'Roger', 'http://www.last.fm/music/Roger', '2012-06-13 05:05:43', '2012-06-13 05:05:43'),
(81, '23ee1942-3b50-4953-9b61-b3b0e932064c', 152, 'Amy Winehouse', 'http://www.last.fm/music/Amy+Winehouse', '2012-06-13 05:05:43', '2012-06-13 05:05:43'),
(82, '5f6ab597-f57a-40da-be9e-adad48708203', 151, 'Dr. Dre', 'http://www.last.fm/music/Dr.+Dre', '2012-06-13 05:05:43', '2012-06-13 05:05:43'),
(83, '7b52603c-a84c-4a76-8dc8-899bb4dd9fa7', 132, 'Digitalism', 'http://www.last.fm/music/Digitalism', '2012-06-13 05:05:43', '2012-06-13 05:05:43'),
(84, '75f89be4-1e48-482c-9b76-fbea684ec7a7', 133, 'Dusko Goykovich', 'http://www.last.fm/music/Dusko+Goykovich', '2012-06-13 05:05:43', '2012-06-13 05:05:43'),
(85, '709b55e5-0286-4fda-bf7e-3aff1894554d', 150, 'Beginner', 'http://www.last.fm/music/Beginner', '2012-06-13 05:05:43', '2012-06-13 05:05:43'),
(86, '92999875-b86e-40df-be98-18b3fdd3d285', 134, 'Bob Marley & The Wailers', 'http://www.last.fm/music/Bob+Marley+&+The+Wailers', '2012-06-13 05:05:43', '2012-06-13 05:05:43'),
(87, '18ed25e3-c21d-4476-b658-37d86558a014', 159, 'Anthony B', 'http://www.last.fm/music/Anthony+B', '2012-06-13 05:05:43', '2012-06-13 05:05:43'),
(88, '27decac7-06de-4a04-ab45-d214dfae5d19', 135, 'The RH Factor', 'http://www.last.fm/music/The+RH+Factor', '2012-06-13 05:05:43', '2012-06-13 05:05:43'),
(89, '1586106b-e8e6-422d-925f-74ff9504d546', 136, 'Massive Töne', 'http://www.last.fm/music/Massive+T%C3%B6ne', '2012-06-13 05:05:43', '2012-06-13 05:05:43'),
(90, '39e1e020-2790-4ce6-83ca-f3a931926bd6', 137, 'Amplifier', 'http://www.last.fm/music/Amplifier', '2012-06-13 05:05:43', '2012-06-13 05:05:43'),
(91, '710fbcbb-5fea-4cee-978f-68d8a9b76149', 138, 'Aṣa', 'http://www.last.fm/music/A%E1%B9%A3a', '2012-06-13 05:05:43', '2012-06-13 05:05:43'),
(92, '9beb62b2-88db-4cea-801e-162cd344ee53', 96, 'Beastie Boys', 'http://www.last.fm/music/Beastie+Boys', '2012-06-13 05:05:43', '2012-06-13 05:05:43'),
(93, 'a4da9933-1e43-483b-98d9-8b1a32a698ad', 139, 'Dynamite Deluxe', 'http://www.last.fm/music/Dynamite+Deluxe', '2012-06-13 05:05:43', '2012-06-13 05:05:43'),
(94, 'e21857d5-3256-4547-afb3-4b6ded592596', 160, 'Gorillaz', 'http://www.last.fm/music/Gorillaz', '2012-06-13 05:05:43', '2012-06-13 05:05:43'),
(95, '01809552-4f87-45b0-afff-2c6f0730a3be', 161, 'Elvis Presley', 'http://www.last.fm/music/Elvis+Presley', '2012-06-13 05:05:43', '2012-06-13 05:05:43'),
(96, '210769a3-4aca-4199-a2e1-676ef376e078', 162, 'Michael Jackson', 'http://www.last.fm/music/Michael+Jackson', '2012-06-13 05:05:43', '2012-06-13 05:05:43'),
(97, '01aaa1b4-4b35-48a3-8a00-5d82591d93d1', 125, 'Asa', 'http://www.last.fm/music/Asa', '2012-06-13 05:05:43', '2012-06-13 05:05:43'),
(98, '', 140, 'Icke und Er', 'http://www.last.fm/music/Icke+und+Er', '2012-06-13 05:05:43', '2012-06-13 05:05:43'),
(99, '61b8b58c-294a-479e-8641-d8206b99a494', 141, 'Stefanie Heinzmann', 'http://www.last.fm/music/Stefanie+Heinzmann', '2012-06-13 05:05:43', '2012-06-13 05:05:43'),
(100, '0c0ff6da-b4eb-4edb-ba38-1c76ae189650', 163, 'Thomas D', 'http://www.last.fm/music/Thomas+D', '2012-06-13 05:05:43', '2012-06-13 05:05:43'),
(101, '1491e2b8-23bf-41a8-8184-cccd7e98a23c', 142, 'Fünf Sterne Deluxe', 'http://www.last.fm/music/F%C3%BCnf+Sterne+Deluxe', '2012-06-13 05:05:43', '2012-06-13 05:05:43'),
(102, '90a7cc02-a86e-4e5e-9f5f-bbc2a1a9ab36', 143, 'D-Flame', 'http://www.last.fm/music/D-Flame', '2012-06-13 05:05:43', '2012-06-13 05:05:43'),
(103, 'a003c152-18a6-4662-9135-787c8960d788', 164, 'Son Goku', 'http://www.last.fm/music/Son+Goku', '2012-06-13 05:05:43', '2012-06-13 05:05:43'),
(104, '0cb420ed-a2f9-4346-be63-e6a2e0a66fa6', 144, 'Creutzfeld & Jakob', 'http://www.last.fm/music/Creutzfeld+&+Jakob', '2012-06-13 05:05:43', '2012-06-13 05:05:43'),
(105, '9e839dc3-55f3-4492-ad0e-a1a2e84275e2', 145, 'Xzibit', 'http://www.last.fm/music/Xzibit', '2012-06-13 05:05:43', '2012-06-13 05:05:43'),
(106, '733e7372-5400-4c79-9059-33e2b2262d01', 165, 'Fettes Brot', 'http://www.last.fm/music/Fettes+Brot', '2012-06-13 05:05:43', '2012-06-13 05:05:43'),
(107, '1531ee70-dbeb-487f-94ad-3e5bd18fd34a', 166, 'Freundeskreis', 'http://www.last.fm/music/Freundeskreis', '2012-06-13 05:05:43', '2012-06-13 05:05:43'),
(108, 'c4d700ae-d74a-4202-a93d-ba1e84216cfd', 146, 'Eins Zwo', 'http://www.last.fm/music/Eins+Zwo', '2012-06-13 05:05:43', '2012-06-13 05:05:43'),
(109, 'c8327cc0-54f3-424f-a68d-000ee7289a41', 167, 'Sizzla', 'http://www.last.fm/music/Sizzla', '2012-06-13 05:05:43', '2012-06-13 05:05:43'),
(110, '2e0d05e0-d147-46e6-be51-8ffed2a9e0da', 108, 'Kool Savas', 'http://www.last.fm/music/Kool+Savas', '2012-06-13 05:05:43', '2012-06-13 05:05:43'),
(111, '456eabce-d1dd-4481-a206-36ab4f2eaeb8', 168, 'Herbert Grönemeyer', 'http://www.last.fm/music/Herbert+Gr%C3%B6nemeyer', '2012-06-13 05:05:43', '2012-06-13 05:05:43'),
(112, '0b4f226d-3d6b-4aa1-ae8c-127e5d9475e5', 147, 'Turntablerocker', 'http://www.last.fm/music/Turntablerocker', '2012-06-13 05:05:43', '2012-06-13 05:05:43'),
(113, '37d29a0a-4f5d-4a53-917c-bd0e897c54f7', 169, 'Gentleman', 'http://www.last.fm/music/Gentleman', '2012-06-13 05:05:43', '2012-06-13 05:05:43'),
(114, 'a74b1b7f-71a5-4011-9441-d0b5e4122711', 205, 'Radiohead', 'http://www.last.fm/music/Radiohead', '2012-06-14 04:35:20', '2012-06-14 04:35:20'),
(115, '01d3c51b-9b98-418a-8d8e-37f6fab59d8c', 207, 'Sufjan Stevens', 'http://www.last.fm/music/Sufjan+Stevens', '2012-06-14 04:35:20', '2012-06-14 04:35:20'),
(116, 'a96ac800-bfcb-412a-8a63-0a98df600700', 170, 'Modest Mouse', 'http://www.last.fm/music/Modest+Mouse', '2012-06-14 04:35:20', '2012-06-14 04:35:20'),
(117, 'ada7a83c-e3e1-40f1-93f9-3e73dbc9298a', 208, 'Arctic Monkeys', 'http://www.last.fm/music/Arctic+Monkeys', '2012-06-14 04:35:20', '2012-06-14 04:35:20'),
(118, '234ddaf0-3926-4cae-9b3a-a6a9ff9ca526', 171, 'Huss und Hodn', 'http://www.last.fm/music/Huss+und+Hodn', '2012-06-14 04:35:20', '2012-06-14 04:35:20'),
(119, '78f797e3-4913-4026-aad0-1cd858bd735b', 209, 'Bright Eyes', 'http://www.last.fm/music/Bright+Eyes', '2012-06-14 04:35:20', '2012-06-14 04:35:20'),
(120, '17e0ef75-fae9-4fa3-b6f6-39a8c986d686', 215, 'Portishead', 'http://www.last.fm/music/Portishead', '2012-06-14 04:35:20', '2012-06-14 04:35:20'),
(121, '1695c115-bf3f-4014-9966-2b0c50179193', 210, 'Muse', 'http://www.last.fm/music/Muse', '2012-06-14 04:35:20', '2012-06-14 04:35:20'),
(122, '56c2dfbb-6b0c-4a11-9673-67ff03e4b17d', 172, 'PeterLicht', 'http://www.last.fm/music/PeterLicht', '2012-06-14 04:35:20', '2012-06-14 04:35:20'),
(123, '7bd92ac9-6b2e-4e88-812a-60499ec60a9d', 173, 'I Am Kloot', 'http://www.last.fm/music/I+Am+Kloot', '2012-06-14 04:35:20', '2012-06-14 04:35:20'),
(124, '4b2d6a23-034d-4a29-9bb9-d2462796da4e', 174, 'Clap Your Hands Say Yeah', 'http://www.last.fm/music/Clap+Your+Hands+Say+Yeah', '2012-06-14 04:35:20', '2012-06-14 04:35:20'),
(125, '150e799b-3244-45d9-a6cb-5a3e8c33d430', 213, 'Adam Green', 'http://www.last.fm/music/Adam+Green', '2012-06-14 04:35:20', '2012-06-14 04:35:20'),
(126, '7717539b-33aa-45d5-b88d-9e627172db19', 216, 'Tocotronic', 'http://www.last.fm/music/Tocotronic', '2012-06-14 04:35:20', '2012-06-14 04:35:20'),
(127, '52074ba6-e495-4ef3-9bb4-0703888a9f68', 175, 'Arcade Fire', 'http://www.last.fm/music/Arcade+Fire', '2012-06-14 04:35:20', '2012-06-14 04:35:20'),
(128, '6f607087-9c46-4bb2-a884-e4efc764554c', 217, 'The Streets', 'http://www.last.fm/music/The+Streets', '2012-06-14 04:35:20', '2012-06-14 04:35:20'),
(129, '0039c7ae-e1a7-4a7d-9b49-0cbc716821a6', 176, 'Death Cab for Cutie', 'http://www.last.fm/music/Death+Cab+for+Cutie', '2012-06-14 04:35:20', '2012-06-14 04:35:20'),
(130, '0cd12ab3-9628-45ef-a97b-ff18624f14a0', 177, '65daysofstatic', 'http://www.last.fm/music/65daysofstatic', '2012-06-14 04:35:20', '2012-06-14 04:35:20'),
(131, 'b2147fa3-b035-49bb-9f51-595db592f231', 178, 'Olli Banjo', 'http://www.last.fm/music/Olli+Banjo', '2012-06-14 04:35:20', '2012-06-14 04:35:20'),
(132, 'e0953daa-860f-4dc8-9f1a-b12587cdaf17', 211, 'Tortoise', 'http://www.last.fm/music/Tortoise', '2012-06-14 04:35:20', '2012-06-14 04:35:20'),
(133, 'db3c0a20-bf05-4b30-ac22-f294aea24172', 179, 'Aimee Mann', 'http://www.last.fm/music/Aimee+Mann', '2012-06-14 04:35:20', '2012-06-14 04:35:20'),
(134, '8ed2e0b3-aa4c-4e13-bec3-dc7393ed4d6b', 180, 'Thom Yorke', 'http://www.last.fm/music/Thom+Yorke', '2012-06-14 04:35:20', '2012-06-14 04:35:20'),
(135, '1c89bbcc-a253-452a-9181-546eb536e06f', 212, 'Art Brut', 'http://www.last.fm/music/Art+Brut', '2012-06-14 04:35:21', '2012-06-14 04:35:21'),
(136, '3798b104-01cb-484c-a3b0-56adc6399b80', 218, 'Rage Against the Machine', 'http://www.last.fm/music/Rage+Against+the+Machine', '2012-06-14 04:35:21', '2012-06-14 04:35:21'),
(137, '87c5dedd-371d-4a53-9f7f-80522fb7f3cb', 214, 'Björk', 'http://www.last.fm/music/Bj%C3%B6rk', '2012-06-14 04:35:21', '2012-06-14 04:35:21'),
(138, 'a00a14ca-35a7-4bd8-8ed8-658608bbe64e', 219, 'JAW', 'http://www.last.fm/music/JAW', '2012-06-14 04:35:21', '2012-06-14 04:35:21'),
(139, '435e07e5-9b74-41ff-83f5-6e7924b0537e', 181, 'Laura Veirs', 'http://www.last.fm/music/Laura+Veirs', '2012-06-14 04:35:21', '2012-06-14 04:35:21'),
(140, 'b23e8a63-8f47-4882-b55b-df2c92ef400e', 220, 'Interpol', 'http://www.last.fm/music/Interpol', '2012-06-14 04:35:21', '2012-06-14 04:35:21'),
(141, '9e53f84d-ef44-4c16-9677-5fd4d78cbd7d', 221, 'Wilco', 'http://www.last.fm/music/Wilco', '2012-06-14 04:35:21', '2012-06-14 04:35:21'),
(142, '7846e710-8e8c-4827-90ba-382ecdd28905', 182, '31Knots', 'http://www.last.fm/music/31Knots', '2012-06-14 04:35:21', '2012-06-14 04:35:21'),
(143, '164f0d73-1234-4e2c-8743-d77bf2191051', 222, 'Kanye West', 'http://www.last.fm/music/Kanye+West', '2012-06-14 04:35:21', '2012-06-14 04:35:21'),
(144, '8c538f11-c141-4588-8ecb-931083524186', 183, 'Bloc Party', 'http://www.last.fm/music/Bloc+Party', '2012-06-14 04:35:21', '2012-06-14 04:35:21'),
(145, '82b304c0-7da4-45d3-896a-0767c7ae1141', 223, 'The Libertines', 'http://www.last.fm/music/The+Libertines', '2012-06-14 04:35:21', '2012-06-14 04:35:21'),
(146, 'cc197bad-dc9c-440d-a5b5-d52ba2e14234', 224, 'Coldplay', 'http://www.last.fm/music/Coldplay', '2012-06-14 04:35:21', '2012-06-14 04:35:21'),
(147, 'e8533fd3-4e66-4ad5-8fe5-12a916f9c4a1', 95, 'Dendemann', 'http://www.last.fm/music/Dendemann', '2012-06-14 04:35:21', '2012-06-14 04:35:21'),
(148, '15e4cc83-4cb0-4919-a142-eaef2efac6fd', 225, 'Justus', 'http://www.last.fm/music/Justus', '2012-06-14 04:35:21', '2012-06-14 04:35:21'),
(149, '0545e834-eca1-471d-b929-89d575904aaa', 226, 'Sublime', 'http://www.last.fm/music/Sublime', '2012-06-14 04:35:21', '2012-06-14 04:35:21'),
(150, '3b1c66fb-98ad-417f-b01e-49baf37f06a3', 184, 'The Coral', 'http://www.last.fm/music/The+Coral', '2012-06-14 04:35:21', '2012-06-14 04:35:21'),
(151, '11ae9fbb-f3d7-4a47-936f-4c0a04d3b3b5', 185, 'The White Stripes', 'http://www.last.fm/music/The+White+Stripes', '2012-06-14 04:35:21', '2012-06-14 04:35:21'),
(152, '8e1e03fe-ebbc-467a-b541-857144db10fb', 186, 'Babyshambles', 'http://www.last.fm/music/Babyshambles', '2012-06-14 04:35:21', '2012-06-14 04:35:21'),
(153, '51f825f0-79b4-4bf5-9607-f6f93d2c951f', 187, 'Team Avantgarde', 'http://www.last.fm/music/Team+Avantgarde', '2012-06-14 04:35:21', '2012-06-14 04:35:21'),
(154, 'a66999a7-ae5c-460e-ba94-1a01143ae847', 227, 'Snow Patrol', 'http://www.last.fm/music/Snow+Patrol', '2012-06-14 04:35:21', '2012-06-14 04:35:21'),
(155, '1a99cc88-aea3-4fe3-96b9-20791667f65f', 188, 'Dizzee Rascal', 'http://www.last.fm/music/Dizzee+Rascal', '2012-06-14 04:35:21', '2012-06-14 04:35:21'),
(156, 'cd8c5019-5d75-4d5c-bc28-e1e26a7dd5c8', 189, 'José González', 'http://www.last.fm/music/Jos%C3%A9+Gonz%C3%A1lez', '2012-06-14 04:35:21', '2012-06-14 04:35:21'),
(157, '6456a893-c1e9-4e3d-86f7-0008b0a3ac8a', 228, 'Jack Johnson', 'http://www.last.fm/music/Jack+Johnson', '2012-06-14 04:35:21', '2012-06-14 04:35:21'),
(158, '892500b7-09a6-4049-ba92-2d192dd70563', 190, 'Biffy Clyro', 'http://www.last.fm/music/Biffy+Clyro', '2012-06-14 04:35:21', '2012-06-14 04:35:21'),
(159, 'ea854cc1-13fc-4fd0-86a5-d2c7dba06764', 229, 'Mando Diao', 'http://www.last.fm/music/Mando+Diao', '2012-06-14 04:35:21', '2012-06-14 04:35:21'),
(160, '44c7bce3-da01-4dc0-b0a5-1eb9b160f049', 191, 'Atmosphere', 'http://www.last.fm/music/Atmosphere', '2012-06-14 04:35:21', '2012-06-14 04:35:21'),
(161, '1c3919b2-43ca-4a4a-935d-9d50135ec0ef', 405, 'AFI', 'http://www.last.fm/music/AFI', '2012-06-20 02:56:37', '2012-06-20 02:56:37'),
(162, 'b9472588-93f3-4922-a1a2-74082cdf9ce8', 383, 'Panic! At the Disco', 'http://www.last.fm/music/Panic!+At+the+Disco', '2012-06-20 02:56:37', '2012-06-20 02:56:37'),
(163, 'fd429857-5ace-4609-ae54-1502c3bdac11', NULL, 'Billy Talent', 'http://www.last.fm/music/Billy+Talent', '2012-06-20 14:56:37', '2012-06-20 14:56:37'),
(164, '606bf117-494f-4864-891f-09d63ff6aa4b', 424, 'Rise Against', 'http://www.last.fm/music/Rise+Against', '2012-06-20 02:56:37', '2012-06-20 02:56:37'),
(165, '329f95db-f02e-40bf-a5f7-0dea11529ce3', 380, 'Enter Shikari', 'http://www.last.fm/music/Enter+Shikari', '2012-06-20 02:56:37', '2012-06-20 02:56:37'),
(166, '2d67239c-aa40-4ad5-a807-9052b66857a6', 403, 'Le Tigre', 'http://www.last.fm/music/Le+Tigre', '2012-06-20 02:56:37', '2012-06-20 02:56:37'),
(167, '81b9963b-7ff7-47f7-9afb-fe454d8db43c', NULL, 'Placebo', 'http://www.last.fm/music/Placebo', '2012-06-20 14:56:37', '2012-06-20 14:56:37'),
(168, 'ae1b47d5-5128-431c-9d30-e08fd90e0767', 376, 'Coheed and Cambria', 'http://www.last.fm/music/Coheed+and+Cambria', '2012-06-20 02:56:37', '2012-06-20 02:56:37'),
(169, '9386b36e-87f3-4716-a219-79a07a4e29cc', 384, 'We Are Scientists', 'http://www.last.fm/music/We+Are+Scientists', '2012-06-20 02:56:37', '2012-06-20 02:56:37'),
(170, 'b9fb5447-7f95-4a6a-a157-afed2d7b9f4c', 385, 'He Is Legend', 'http://www.last.fm/music/He+Is+Legend', '2012-06-20 02:56:37', '2012-06-20 02:56:37'),
(171, '46eee822-833a-4456-9cb5-5c089dd32d2e', 386, 'Dúné', 'http://www.last.fm/music/D%C3%BAn%C3%A9', '2012-06-20 02:56:37', '2012-06-20 02:56:37'),
(172, '350bce49-c21b-4137-b50a-0766ded07e4d', 387, 'Taking Back Sunday', 'http://www.last.fm/music/Taking+Back+Sunday', '2012-06-20 02:56:37', '2012-06-20 02:56:37'),
(173, '4d9fb84a-8104-48c1-aa16-21f53c9053cc', NULL, 'Ignite', 'http://www.last.fm/music/Ignite', '2012-06-20 14:56:37', '2012-06-20 14:56:37'),
(174, '13c9c494-09aa-4518-8572-9f41dbdff461', 297, 'K.I.Z.', 'http://www.last.fm/music/K.I.Z.', '2012-06-20 02:56:37', '2012-06-20 02:56:37'),
(175, '17e137fb-59e5-4fd7-af48-afc34995396c', 388, 'Atreyu', 'http://www.last.fm/music/Atreyu', '2012-06-20 02:56:37', '2012-06-20 02:56:37'),
(176, 'd961c846-9b5e-4c8b-be95-e5ba43417a7f', 389, 'The Italian Stallion', 'http://www.last.fm/music/The+Italian+Stallion', '2012-06-20 02:56:37', '2012-06-20 02:56:37'),
(177, 'c275a6ae-467e-4945-b150-2172c3e55ee9', 390, 'The Revolvers', 'http://www.last.fm/music/The+Revolvers', '2012-06-20 02:56:37', '2012-06-20 02:56:37'),
(178, 'e204ed91-3684-4561-b29b-d0b53f8459a7', 391, 'Sick Of It All', 'http://www.last.fm/music/Sick+Of+It+All', '2012-06-20 02:56:37', '2012-06-20 02:56:37'),
(179, '6d152109-c447-446d-9a06-3621c920bebd', 392, 'Comeback Kid', 'http://www.last.fm/music/Comeback+Kid', '2012-06-20 02:56:37', '2012-06-20 02:56:37'),
(180, 'c07f0676-9143-4217-8a9f-4c26bd636f13', NULL, 'My Chemical Romance', 'http://www.last.fm/music/My+Chemical+Romance', '2012-06-20 14:56:37', '2012-06-20 14:56:37'),
(181, 'f2fb0ff0-5679-42ec-a55c-15109ce6e320', 425, 'Die Ärzte', 'http://www.last.fm/music/Die+%C3%84rzte', '2012-06-20 02:56:37', '2012-06-20 02:56:37'),
(182, '40b7efb7-1268-4a80-b354-600afdcbe9e2', 406, 'Hatebreed', 'http://www.last.fm/music/Hatebreed', '2012-06-20 02:56:37', '2012-06-20 02:56:37'),
(183, 'e9e2a634-984f-4c10-bf7b-7970179e1ef1', 393, 'Suicidal Tendencies', 'http://www.last.fm/music/Suicidal+Tendencies', '2012-06-20 02:56:37', '2012-06-20 02:56:37'),
(184, 'd25fa5a6-92bf-46a3-8bf7-31149b62eb84', 394, 'The Distillers', 'http://www.last.fm/music/The+Distillers', '2012-06-20 02:56:37', '2012-06-20 02:56:37'),
(185, '1a60d6dd-9d3e-40fc-a66d-3184f9ee0d61', 395, 'Eddie Vedder', 'http://www.last.fm/music/Eddie+Vedder', '2012-06-20 02:56:37', '2012-06-20 02:56:37'),
(186, '0ba897a7-fc50-41e9-8637-42ac24420e3a', NULL, 'Dopplereffekt', 'http://www.last.fm/music/Dopplereffekt', '2012-06-20 14:56:37', '2012-06-20 14:56:37'),
(187, '9f94e88e-cb13-48b2-8c3d-6ff1181aca80', 360, 'Evergreen Terrace', 'http://www.last.fm/music/Evergreen+Terrace', '2012-06-20 02:56:37', '2012-06-20 02:56:37'),
(188, '148ddea2-6839-4354-8e2c-5dfadf136b7f', NULL, 'Tenacious D', 'http://www.last.fm/music/Tenacious+D', '2012-06-20 14:56:37', '2012-06-20 14:56:37'),
(189, 'd89de379-665d-425c-b2e9-41b95d1edb36', 407, 'Silverstein', 'http://www.last.fm/music/Silverstein', '2012-06-20 02:56:37', '2012-06-20 02:56:37'),
(190, '0acae232-d31a-4211-b6d0-6af1b6350274', NULL, 'Thursday', 'http://www.last.fm/music/Thursday', '2012-06-20 14:56:37', '2012-06-20 14:56:37'),
(191, '4b6c98a5-3708-4bcd-8b05-a7bc7ac582af', 396, 'Death Before Dishonor', 'http://www.last.fm/music/Death+Before+Dishonor', '2012-06-20 02:56:37', '2012-06-20 02:56:37'),
(192, '0e9bebb2-5053-4b0a-9220-2f29e781a447', NULL, 'Turning Point', 'http://www.last.fm/music/Turning+Point', '2012-06-20 14:56:37', '2012-06-20 14:56:37'),
(193, 'ac865b2e-bba8-4f5a-8756-dd40d5e39f46', NULL, 'Korn', 'http://www.last.fm/music/Korn', '2012-06-20 14:56:37', '2012-06-20 14:56:37'),
(194, '5c2717ab-3b1e-4043-8874-e88ecf391cc9', 282, 'Clueso', 'http://www.last.fm/music/Clueso', '2012-06-20 02:56:37', '2012-06-20 02:56:37'),
(195, '2b42ec56-6785-4ed8-b3cb-190f750111bb', 397, 'The Smashing Pumpkins', 'http://www.last.fm/music/The+Smashing+Pumpkins', '2012-06-20 02:56:37', '2012-06-20 02:56:37'),
(196, 'c9329809-8510-45b9-9202-5640398ddaee', NULL, 'Lifetime', 'http://www.last.fm/music/Lifetime', '2012-06-20 14:56:37', '2012-06-20 14:56:37'),
(197, 'b7ffd2af-418f-4be2-bdd1-22f8b48613da', 335, 'Nine Inch Nails', 'http://www.last.fm/music/Nine+Inch+Nails', '2012-06-20 02:56:37', '2012-06-20 02:56:37'),
(198, '199d0ab3-22c0-4c00-b99d-257f591dda1f', 398, 'Funeral For A Friend', 'http://www.last.fm/music/Funeral+For+A+Friend', '2012-06-20 02:56:37', '2012-06-20 02:56:37'),
(199, '7f36c2ba-a338-402f-861f-390229bfae04', 399, 'From First To Last', 'http://www.last.fm/music/From+First+To+Last', '2012-06-20 02:56:37', '2012-06-20 02:56:37'),
(200, 'fdf0d5e1-e773-4740-a50f-a032c96c63d3', 400, 'MC Lars', 'http://www.last.fm/music/MC+Lars', '2012-06-20 02:56:37', '2012-06-20 02:56:37'),
(201, '01252145-c9e8-4de5-a480-9b2bed05450a', 401, 'Émilie Simon', 'http://www.last.fm/music/%C3%89milie+Simon', '2012-06-20 02:56:37', '2012-06-20 02:56:37'),
(202, '1946a82a-f927-40c2-8235-38d64f50d043', 359, 'The Chemical Brothers', 'http://www.last.fm/music/The+Chemical+Brothers', '2012-06-20 02:56:37', '2012-06-20 02:56:37'),
(203, '7bace718-5f56-4311-9568-e46a70830605', NULL, 'Caliban', 'http://www.last.fm/music/Caliban', '2012-06-20 14:56:37', '2012-06-20 14:56:37'),
(204, '0dc681fe-6e4a-489c-8211-f3613ff2d9a7', 453, 'Dillon', 'http://www.last.fm/music/Dillon', '2012-06-20 03:35:22', '2012-06-20 03:35:22'),
(205, '22ba3024-a67c-4015-905d-26c5192da5f8', 434, 'ampl:tude', 'http://www.last.fm/music/ampl:tude', '2012-06-20 03:35:22', '2012-06-20 03:35:22'),
(206, '234c0214-a33d-4fbf-a35e-bbf029785bf4', 435, 'Me Succeeds', 'http://www.last.fm/music/Me+Succeeds', '2012-06-20 03:35:22', '2012-06-20 03:35:22'),
(207, '1eae22ab-9dbc-44c9-ad78-790d845c3027', 436, 'Bodi Bill', 'http://www.last.fm/music/Bodi+Bill', '2012-06-20 03:35:22', '2012-06-20 03:35:22'),
(208, 'e29c9ce3-e1d8-49a9-87be-e0cfdea158a5', 437, 'SDNMT', 'http://www.last.fm/music/SDNMT', '2012-06-20 03:35:22', '2012-06-20 03:35:22'),
(209, 'fd021ba4-e4a5-448a-8a3d-7e73f84ec611', 438, 'Hundreds', 'http://www.last.fm/music/Hundreds', '2012-06-20 03:35:22', '2012-06-20 03:35:22'),
(210, '15f8b16a-7a0b-4a12-9f3f-e53f2451f7d7', 439, 'Jamie Cullum', 'http://www.last.fm/music/Jamie+Cullum', '2012-06-20 03:35:22', '2012-06-20 03:35:22'),
(211, '7cd5ba94-0005-4424-bc0b-0a8c8508445d', 440, 'Niels Frevert', 'http://www.last.fm/music/Niels+Frevert', '2012-06-20 03:35:22', '2012-06-20 03:35:22'),
(212, '0e446481-d268-4acd-bd77-2452bc55c4a2', 441, 'Finn.', 'http://www.last.fm/music/Finn.', '2012-06-20 03:35:22', '2012-06-20 03:35:22'),
(213, 'd0b05617-a9f3-4f71-9967-f9b12b110a91', 454, 'Delbo', 'http://www.last.fm/music/Delbo', '2012-06-20 03:35:22', '2012-06-20 03:35:22'),
(214, '9b82aaa2-a5e2-4177-ba84-65a47093b097', 442, 'Locas in Love', 'http://www.last.fm/music/Locas+in+Love', '2012-06-20 03:35:22', '2012-06-20 03:35:22'),
(215, '0af78501-5647-4c18-9a0d-66ac8789e13b', 452, 'Beirut', 'http://www.last.fm/music/Beirut', '2012-06-20 03:35:22', '2012-06-20 03:35:22'),
(216, '1a9e657b-ffb8-4732-aad9-28e26b378822', 443, 'Norman Palm', 'http://www.last.fm/music/Norman+Palm', '2012-06-20 03:35:22', '2012-06-20 03:35:22'),
(217, '59fef7d7-98bf-4610-a746-d89b38d8bf70', 444, 'FM Belfast', 'http://www.last.fm/music/FM+Belfast', '2012-06-20 03:35:22', '2012-06-20 03:35:22'),
(218, 'a430d12f-62c9-4088-aac5-95309ed349b2', 445, 'ter haar', 'http://www.last.fm/music/ter+haar', '2012-06-20 03:35:22', '2012-06-20 03:35:22'),
(219, '7247506b-7be2-42f6-9861-18612a8547c3', 446, 'I Might Be Wrong', 'http://www.last.fm/music/I+Might+Be+Wrong', '2012-06-20 03:35:22', '2012-06-20 03:35:22'),
(220, 'dc70bf33-5c52-4699-871b-0008126ba88b', 447, 'Dear Reader', 'http://www.last.fm/music/Dear+Reader', '2012-06-20 03:35:22', '2012-06-20 03:35:22'),
(221, 'dbdec790-0b21-422f-8e77-762795e05687', 448, 'Adhitia Sofyan', 'http://www.last.fm/music/Adhitia+Sofyan', '2012-06-20 03:35:22', '2012-06-20 03:35:22'),
(222, 'e4ce861e-fefa-4605-8928-d5bbc04b1c6f', 449, 'Talking To Turtles', 'http://www.last.fm/music/Talking+To+Turtles', '2012-06-20 03:35:22', '2012-06-20 03:35:22'),
(223, '663247be-a661-491f-99ee-a69baa8cf2e2', 450, 'Touchy Mob', 'http://www.last.fm/music/Touchy+Mob', '2012-06-20 03:35:22', '2012-06-20 03:35:22'),
(224, 'aa6afc5b-6121-42f8-b01b-123e515fd117', 451, 'We Invented Paris', 'http://www.last.fm/music/We+Invented+Paris', '2012-06-20 03:35:22', '2012-06-20 03:35:22');

-- --------------------------------------------------------

--
-- Table structure for table `cake_lastfm_profiles`
--

CREATE TABLE IF NOT EXISTS `cake_lastfm_profiles` (
  `id` bigint(20) NOT NULL AUTO_INCREMENT,
  `lfm_id` bigint(20) NOT NULL,
  `user_id` bigint(20) NOT NULL,
  `name` varchar(255) DEFAULT NULL,
  `realname` varchar(255) DEFAULT NULL,
  `url` varchar(255) DEFAULT NULL,
  `image` varchar(255) DEFAULT NULL,
  `country` varchar(255) DEFAULT NULL,
  `gender` varchar(1) DEFAULT NULL,
  `created` datetime DEFAULT NULL,
  `modified` datetime DEFAULT NULL,
  PRIMARY KEY (`id`)
) ENGINE=InnoDB  DEFAULT CHARSET=utf8 AUTO_INCREMENT=7 ;

--
-- Dumping data for table `cake_lastfm_profiles`
--

INSERT INTO `cake_lastfm_profiles` (`id`, `lfm_id`, `user_id`, `name`, `realname`, `url`, `image`, `country`, `gender`, `created`, `modified`) VALUES
(2, 38294638, 19, 'der-cain', 'Marius', 'http://www.last.fm/user/der-cain', NULL, 'DE', 'm', '2012-06-13 17:05:42', '2012-06-13 17:05:42'),
(3, 2502630, 22, 'boerst', 'Lucas', 'http://www.last.fm/user/boerst', NULL, 'DE', 'm', '2012-06-14 04:35:20', '2012-06-14 04:35:20'),
(4, 2776192, 28, 'othika', '', 'http://www.last.fm/user/othika', NULL, '', 'n', '2012-06-20 02:56:36', '2012-06-20 02:56:36'),
(5, 47004362, 29, 'derwollo', 'Wolfgang Kluth', 'http://www.last.fm/user/derwollo', NULL, 'DE', 'm', '2012-06-20 15:35:22', '2012-06-20 15:35:22'),
(6, 37690567, 32, 'fiddlerOTG', '', 'http://www.last.fm/user/fiddlerOTG', NULL, '', 'n', '2012-06-22 13:06:17', '2012-06-22 13:06:17');

-- --------------------------------------------------------

--
-- Table structure for table `cake_lastfm_profiles_artists`
--

CREATE TABLE IF NOT EXISTS `cake_lastfm_profiles_artists` (
  `lastfm_artist_id` bigint(20) NOT NULL,
  `lastfm_profile_id` bigint(20) NOT NULL,
  PRIMARY KEY (`lastfm_artist_id`,`lastfm_profile_id`)
) ENGINE=InnoDB DEFAULT CHARSET=utf8;

--
-- Dumping data for table `cake_lastfm_profiles_artists`
--

INSERT INTO `cake_lastfm_profiles_artists` (`lastfm_artist_id`, `lastfm_profile_id`) VALUES
(66, 2),
(67, 2),
(68, 2),
(68, 4),
(69, 2),
(69, 4),
(70, 2),
(71, 2),
(72, 2),
(73, 2),
(74, 2),
(75, 2),
(75, 4),
(76, 2),
(77, 2),
(78, 2),
(79, 2),
(80, 2),
(81, 2),
(82, 2),
(83, 2),
(84, 2),
(85, 2),
(86, 2),
(87, 2),
(88, 2),
(89, 2),
(90, 2),
(91, 2),
(92, 2),
(93, 2),
(94, 2),
(95, 2),
(96, 2),
(97, 2),
(98, 2),
(98, 3),
(98, 4),
(99, 2),
(100, 2),
(101, 2),
(102, 2),
(103, 2),
(104, 2),
(105, 2),
(106, 2),
(107, 2),
(108, 2),
(108, 3),
(109, 2),
(110, 2),
(111, 2),
(112, 2),
(113, 2),
(114, 3),
(115, 3),
(116, 3),
(117, 3),
(117, 4),
(118, 3),
(119, 3),
(120, 3),
(121, 3),
(122, 3),
(123, 3),
(124, 3),
(125, 3),
(126, 3),
(127, 3),
(128, 3),
(129, 3),
(130, 3),
(130, 4),
(131, 3),
(132, 3),
(133, 3),
(134, 3),
(135, 3),
(136, 3),
(137, 3),
(138, 3),
(139, 3),
(140, 3),
(141, 3),
(142, 3),
(143, 3),
(144, 3),
(145, 3),
(146, 3),
(147, 3),
(148, 3),
(149, 3),
(150, 3),
(151, 3),
(152, 3),
(153, 3),
(154, 3),
(155, 3),
(156, 3),
(157, 3),
(158, 3),
(159, 3),
(160, 3),
(161, 4),
(162, 4),
(163, 4),
(164, 4),
(165, 4),
(166, 4),
(167, 4),
(168, 4),
(169, 4),
(170, 4),
(171, 4),
(172, 4),
(173, 4),
(174, 4),
(175, 4),
(176, 4),
(177, 4),
(178, 4),
(179, 4),
(180, 4),
(181, 4),
(182, 4),
(183, 4),
(184, 4),
(185, 4),
(186, 4),
(187, 4),
(188, 4),
(189, 4),
(190, 4),
(191, 4),
(192, 4),
(193, 4),
(194, 4),
(195, 4),
(196, 4),
(197, 4),
(198, 4),
(199, 4),
(200, 4),
(201, 4),
(202, 4),
(203, 4),
(204, 5),
(205, 5),
(206, 5),
(207, 5),
(208, 5),
(209, 5),
(210, 5),
(211, 5),
(212, 5),
(213, 5),
(214, 5),
(215, 5),
(216, 5),
(217, 5),
(218, 5),
(219, 5),
(220, 5),
(221, 5),
(222, 5),
(223, 5),
(224, 5);

-- --------------------------------------------------------

--
-- Table structure for table `cake_linkedin_profiles`
--

CREATE TABLE IF NOT EXISTS `cake_linkedin_profiles` (
  `id` varchar(255) NOT NULL,
  `user_id` bigint(20) NOT NULL,
  `first-name` varchar(255) DEFAULT NULL,
  `last-name` varchar(255) DEFAULT NULL,
  `main-address` text,
  `public-profile-url` varchar(255) DEFAULT NULL,
  `date-of-birth` date DEFAULT NULL,
  `created` datetime DEFAULT NULL,
  `modified` datetime DEFAULT NULL,
  PRIMARY KEY (`id`)
) ENGINE=InnoDB DEFAULT CHARSET=utf8;

-- --------------------------------------------------------

--
-- Table structure for table `cake_networks`
--

CREATE TABLE IF NOT EXISTS `cake_networks` (
  `id` int(11) NOT NULL AUTO_INCREMENT,
  `name` varchar(255) NOT NULL,
  `profile_name` varchar(255) DEFAULT NULL,
  `join_name` varchar(255) DEFAULT NULL,
  `interest_name` varchar(255) DEFAULT NULL,
  PRIMARY KEY (`id`)
) ENGINE=InnoDB  DEFAULT CHARSET=utf8 AUTO_INCREMENT=4 ;

--
-- Dumping data for table `cake_networks`
--

INSERT INTO `cake_networks` (`id`, `name`, `profile_name`, `join_name`, `interest_name`) VALUES
(1, 'No Network', NULL, NULL, NULL),
(2, 'Lastfm', 'LastfmProfile', 'LastfmProfileArtist', 'LastfmArtist'),
(3, 'Facebook', 'FacebookProfile', 'FacebookProfileLike', 'FacebookLike');

-- --------------------------------------------------------

--
-- Table structure for table `cake_twitter_profiles`
--

CREATE TABLE IF NOT EXISTS `cake_twitter_profiles` (
  `id` bigint(20) NOT NULL,
  `user_id` bigint(20) NOT NULL,
  `name` varchar(50) DEFAULT NULL,
  `link` varchar(50) DEFAULT NULL,
  `username` varchar(50) DEFAULT NULL,
  `birthday` date DEFAULT NULL,
  `created` datetime DEFAULT NULL,
  `modified` datetime DEFAULT NULL,
  PRIMARY KEY (`id`)
) ENGINE=InnoDB DEFAULT CHARSET=utf8;

-- --------------------------------------------------------

--
-- Table structure for table `cake_users`
--

CREATE TABLE IF NOT EXISTS `cake_users` (
  `id` bigint(20) unsigned NOT NULL AUTO_INCREMENT,
  `username` varchar(50) DEFAULT NULL,
  `password` varchar(50) DEFAULT NULL,
  `first_name` varchar(255) DEFAULT NULL,
  `last_name` varchar(255) DEFAULT NULL,
  `role` varchar(20) DEFAULT NULL,
  `created` datetime DEFAULT NULL,
  `modified` datetime DEFAULT NULL,
  PRIMARY KEY (`id`)
) ENGINE=InnoDB  DEFAULT CHARSET=utf8 AUTO_INCREMENT=36 ;

--
-- Dumping data for table `cake_users`
--

INSERT INTO `cake_users` (`id`, `username`, `password`, `first_name`, `last_name`, `role`, `created`, `modified`) VALUES
(19, 'marius', '89afbbdcc39254044739df4c190c5640b20f6af3', 'Marius', 'Klein', 'author', '2012-06-08 14:30:22', '2012-06-08 14:30:22'),
(20, 'hendrik', 'c5369bc0e99443e1f874cb4c0e20df3e5ab35c95', 'Hendrik', 'Thüs', 'author', '2012-06-13 16:34:40', '2012-06-13 16:34:40'),
(21, 'lucas', 'cc5ed0f8dbb2fa42197d0d73678a6ee395739252', 'Lucas', 'Brucci', 'author', '2012-06-14 16:31:22', '2012-06-14 16:31:22'),
(22, 'lucas1', '7886aca746b6c4999eb93bd9963c4057553d2bed', 'Lucas', 'Brucci', 'author', '2012-06-14 16:32:56', '2012-06-14 16:32:56'),
(23, 'franz', '4c374236a4cce7c5ce6ba24d0d739de8f78fe5e8', 'Hans', 'Franz', 'author', '2012-06-14 20:46:48', '2012-06-14 20:46:48'),
(24, 'jennifer', 'cc0ef725f568f48dcc4a28b5cae4416f8f74e178', 'Jennifer', 'Lierenfeld', 'author', '2012-06-15 11:05:01', '2012-06-15 11:05:01'),
(25, 'shorty', '928da8e51e24bd86da02660da7e23d692c4a7c7f', 'Esra', 'Yalcin', 'author', '2012-06-15 13:26:17', '2012-06-15 13:26:17'),
(26, 'Jonesman', 'f769507c787bf2e30cf722a46dcf91b058a8ce35', 'Jay', 'Jayson', 'author', '2012-06-16 19:42:23', '2012-06-16 19:42:23'),
(27, 'Hans', '91272079701ffda4d8c86c9d8960e13647caa3a7', 'Hans', 'Franz', 'author', '2012-06-20 14:07:43', '2012-06-20 14:07:43'),
(28, 'langerhans', '087206fc1d6a88b903aca264be03f26fea10fe89', 'Paul', 'Heiniz', 'author', '2012-06-20 14:54:42', '2012-06-20 14:54:42'),
(29, 'derwollo', '102ecd6d0aa9c0af8d7368b4f8e04d1c5a0c19f8', 'Wolfgang', 'Kluth', 'author', '2012-06-20 15:34:15', '2012-06-20 15:34:15'),
(30, 'derwollo2', 'a7896864ab650516182346e9adcce056f7270bf9', 'wollo', 'kluth', 'author', '2012-06-20 15:48:39', '2012-06-20 15:48:39'),
(31, 'wollo2', '91272079701ffda4d8c86c9d8960e13647caa3a7', '123', '123', 'author', '2012-06-20 15:49:45', '2012-06-20 15:49:45'),
(32, 'sp.onstage', '91272079701ffda4d8c86c9d8960e13647caa3a7', 'Stefan', 'Peters', 'author', '2012-06-22 13:01:41', '2012-06-22 13:01:41'),
(33, 'Jenny', '13ff974f61f9f1b42dd005cdc8939483cf21c9cb', 'Jenny', 'Jenny', 'author', '2012-06-24 18:06:39', '2012-06-24 18:06:39'),
(35, 'vairag', 'bcfcb8c45a2abb299625402dadde28adc5315e26', 'vairag', 'Godhani', 'author', '2013-09-19 13:46:29', '2013-09-19 13:46:29');

-- --------------------------------------------------------

--
-- Table structure for table `cake_users_interests`
--

CREATE TABLE IF NOT EXISTS `cake_users_interests` (
  `id` bigint(20) NOT NULL AUTO_INCREMENT,
  `user_id` bigint(20) NOT NULL,
  `interest_id` bigint(20) NOT NULL,
  `network_id` int(11) NOT NULL,
  `network_interest_id` varchar(255) NOT NULL,
  `privacy_level` tinyint(4) NOT NULL DEFAULT '1',
  PRIMARY KEY (`id`)
) ENGINE=InnoDB  DEFAULT CHARSET=utf8 AUTO_INCREMENT=988 ;

--
-- Dumping data for table `cake_users_interests`
--

INSERT INTO `cake_users_interests` (`id`, `user_id`, `interest_id`, `network_id`, `network_interest_id`, `privacy_level`) VALUES
(140, 19, 95, 3, '132563476071', 0),
(141, 19, 96, 3, '18279403944', 1),
(142, 19, 97, 3, '105613569486567', 1),
(143, 19, 94, 3, '108133575874847', 1),
(144, 19, 98, 3, '112842988801190', 1),
(145, 19, 99, 3, '112986722137794', 1),
(146, 19, 100, 3, '116228668474945', 1),
(147, 19, 101, 3, '138671468053', 1),
(148, 19, 102, 3, '151055431586827', 1),
(149, 19, 103, 3, '22934684677', 1),
(150, 19, 104, 3, '331288023558058', 1),
(151, 19, 105, 3, '69178204322', 1),
(152, 19, 106, 3, '7807422276', 1),
(153, 19, 107, 3, '91290503700', 1),
(154, 19, 108, 3, '114782338534249', 1),
(155, 19, 109, 3, '11455644806', 1),
(156, 19, 110, 3, '109843155707761', 1),
(157, 20, 106, 3, '7807422276', 1),
(158, 20, 103, 3, '104072652962475', 1),
(159, 20, 111, 3, '109651092398535', 1),
(160, 20, 112, 3, '110758342277781', 1),
(161, 20, 113, 3, '113154160599', 1),
(162, 20, 114, 3, '113758351993776', 1),
(163, 20, 115, 3, '15060155415', 1),
(164, 20, 116, 3, '171979386148180', 1),
(165, 20, 117, 3, '24609282673', 0),
(166, 20, 118, 3, '246648288079', 1),
(167, 20, 119, 3, '262653413177', 1),
(168, 20, 120, 3, '26577443487', 1),
(169, 20, 121, 3, '26748225422', 1),
(170, 20, 122, 3, '316577211070', 1),
(171, 20, 123, 3, '47361427864', 1),
(172, 20, 124, 3, '78883723363', 1),
(173, 0, 95, 0, '', 1),
(174, 0, 95, 0, '', 1),
(175, 0, 115, 0, '', 1),
(176, 0, 114, 0, '', 1),
(177, 0, 117, 0, '', 1),
(178, 0, 117, 0, '', 1),
(179, 0, 117, 0, '', 1),
(180, 0, 95, 0, '', 1),
(181, 0, 95, 0, '', 1),
(182, 0, 96, 0, '', 1),
(183, 0, 96, 0, '', 1),
(184, 0, 95, 0, '', 1),
(185, 0, 96, 0, '', 1),
(186, 0, 95, 0, '', 1),
(187, 0, 95, 0, '', 1),
(188, 0, 95, 0, '', 1),
(189, 19, 125, 3, '108089935892068', 1),
(190, 19, 126, 3, '12604171859', 1),
(191, 19, 127, 3, '179403312117362', 1),
(192, 19, 128, 3, '29534858696', 1),
(193, 20, 128, 3, '29534858696', 1),
(194, 19, 129, 3, '69116329538', 1),
(195, 0, 95, 0, '', 1),
(196, 0, 105, 0, '', 1),
(197, 0, 104, 0, '', 1),
(198, 0, 102, 0, '', 1),
(199, 0, 99, 0, '', 1),
(200, 0, 95, 0, '', 1),
(201, 0, 96, 0, '', 1),
(202, 19, 97, 2, '67', 1),
(203, 19, 101, 2, '75', 1),
(204, 19, 130, 2, '77', 1),
(205, 19, 131, 2, '79', 1),
(206, 19, 132, 2, '83', 1),
(207, 19, 133, 2, '84', 1),
(208, 19, 134, 2, '86', 1),
(209, 19, 135, 2, '88', 1),
(210, 19, 136, 2, '89', 1),
(211, 19, 137, 2, '90', 1),
(212, 19, 138, 2, '91', 1),
(213, 19, 96, 2, '92', 1),
(214, 19, 139, 2, '93', 1),
(215, 19, 140, 2, '98', 1),
(216, 19, 141, 2, '99', 1),
(217, 19, 142, 2, '101', 1),
(218, 19, 143, 2, '102', 1),
(219, 19, 144, 2, '104', 1),
(220, 19, 145, 2, '105', 1),
(221, 19, 146, 2, '108', 1),
(222, 19, 147, 2, '112', 1),
(223, 19, 148, 2, '68', 1),
(224, 19, 149, 2, '74', 1),
(225, 19, 150, 2, '85', 1),
(226, 19, 151, 2, '82', 1),
(227, 19, 152, 2, '81', 1),
(228, 19, 110, 2, '66', 1),
(229, 19, 129, 2, '69', 1),
(230, 19, 153, 2, '70', 1),
(231, 19, 154, 2, '71', 1),
(232, 19, 155, 2, '72', 1),
(233, 19, 156, 2, '73', 1),
(234, 19, 157, 2, '76', 1),
(235, 19, 109, 2, '78', 1),
(236, 19, 158, 2, '80', 1),
(237, 19, 159, 2, '87', 1),
(238, 19, 160, 2, '94', 1),
(239, 19, 161, 2, '95', 1),
(240, 19, 162, 2, '96', 1),
(241, 19, 125, 2, '97', 1),
(242, 19, 163, 2, '100', 1),
(243, 19, 164, 2, '103', 1),
(244, 19, 165, 2, '106', 1),
(245, 19, 166, 2, '107', 1),
(246, 19, 108, 2, '110', 1),
(247, 19, 167, 2, '109', 1),
(248, 19, 168, 2, '111', 1),
(249, 19, 169, 2, '113', 1),
(250, 21, 105, 3, '69178204322', 1),
(251, 21, 127, 3, '179403312117362', 1),
(252, 21, 100, 3, '116228668474945', 1),
(253, 21, 126, 3, '12604171859', 1),
(254, 21, 107, 3, '91290503700', 1),
(255, 21, 104, 3, '331288023558058', 1),
(256, 21, 109, 3, '11455644806', 1),
(257, 21, 101, 3, '138671468053', 1),
(258, 21, 97, 3, '105613569486567', 1),
(259, 21, 108, 3, '114782338534249', 1),
(260, 21, 103, 3, '22934684677', 1),
(261, 21, 128, 3, '29534858696', 1),
(262, 21, 98, 3, '112842988801190', 1),
(263, 21, 106, 3, '7807422276', 1),
(264, 21, 125, 3, '108089935892068', 1),
(265, 21, 110, 3, '109843155707761', 1),
(266, 21, 94, 3, '108133575874847', 1),
(267, 21, 95, 3, '132563476071', 1),
(268, 21, 129, 3, '69116329538', 1),
(269, 21, 96, 3, '18279403944', 1),
(270, 21, 99, 3, '112986722137794', 1),
(271, 21, 102, 3, '151055431586827', 1),
(272, 22, 140, 2, '98', 1),
(273, 22, 146, 2, '108', 1),
(274, 22, 170, 2, '116', 1),
(275, 22, 171, 2, '118', 1),
(276, 22, 172, 2, '122', 1),
(277, 22, 173, 2, '123', 1),
(278, 22, 174, 2, '124', 1),
(279, 22, 175, 2, '127', 1),
(280, 22, 176, 2, '129', 1),
(281, 22, 177, 2, '130', 1),
(282, 22, 178, 2, '131', 1),
(283, 22, 179, 2, '133', 1),
(284, 22, 180, 2, '134', 1),
(285, 22, 181, 2, '139', 1),
(286, 22, 182, 2, '142', 1),
(287, 22, 183, 2, '144', 1),
(288, 22, 95, 2, '147', 1),
(289, 22, 184, 2, '150', 1),
(290, 22, 185, 2, '151', 1),
(291, 22, 186, 2, '152', 1),
(292, 22, 187, 2, '153', 1),
(293, 22, 188, 2, '155', 1),
(294, 22, 189, 2, '156', 1),
(295, 22, 190, 2, '158', 1),
(296, 22, 191, 2, '160', 1),
(297, 22, 193, 3, '107568082606700', 0),
(298, 22, 192, 3, '108173215878011', 0),
(299, 22, 194, 3, '220779885077', 0),
(300, 22, 195, 3, '22476490672', 0),
(301, 22, 196, 3, '117792538231720', 0),
(302, 22, 197, 3, '11884229652', 0),
(303, 22, 198, 3, '21411215352', 0),
(304, 22, 170, 3, '21872489496', 0),
(305, 22, 199, 3, '11606846690', 0),
(306, 22, 200, 3, '127487914576', 0),
(307, 22, 201, 3, '8825759963', 0),
(308, 22, 202, 3, '39082832518', 0),
(309, 22, 203, 3, '14789022498', 0),
(310, 22, 204, 3, '32178582215', 0),
(311, 22, 205, 3, '6979332244', 0),
(312, 22, 206, 3, '8879242845', 0),
(313, 22, 205, 2, '114', 1),
(314, 22, 207, 2, '115', 1),
(315, 22, 208, 2, '117', 1),
(316, 22, 209, 2, '119', 1),
(317, 22, 210, 2, '121', 1),
(318, 22, 211, 2, '132', 1),
(319, 22, 212, 2, '135', 1),
(320, 22, 213, 2, '125', 1),
(321, 22, 214, 2, '137', 1),
(322, 22, 215, 2, '120', 1),
(323, 22, 216, 2, '126', 1),
(324, 22, 217, 2, '128', 1),
(325, 22, 218, 2, '136', 1),
(326, 22, 219, 2, '138', 1),
(327, 22, 220, 2, '140', 1),
(328, 22, 221, 2, '141', 1),
(329, 22, 222, 2, '143', 1),
(330, 22, 223, 2, '145', 1),
(331, 22, 224, 2, '146', 1),
(332, 22, 225, 2, '148', 1),
(333, 22, 226, 2, '149', 1),
(334, 22, 227, 2, '154', 1),
(335, 22, 228, 2, '157', 1),
(336, 22, 229, 2, '159', 1),
(379, 24, 230, 3, '106526516050184', 1),
(380, 24, 238, 3, '109147839104102', 1),
(381, 24, 239, 3, '110893595602631', 1),
(382, 24, 240, 3, '112517425457609', 1),
(383, 24, 241, 3, '120439547991570', 1),
(384, 24, 242, 3, '126297554069537', 1),
(385, 24, 243, 3, '138659579773', 1),
(386, 24, 244, 3, '141407905956735', 1),
(387, 24, 245, 3, '154559664574822', 1),
(388, 24, 246, 3, '182048651837990', 1),
(389, 24, 247, 3, '204911309559882', 1),
(390, 24, 248, 3, '21987463952', 1),
(391, 24, 249, 3, '227217473962365', 1),
(392, 24, 250, 3, '293683943985096', 1),
(393, 24, 251, 3, '324597014257', 1),
(394, 24, 252, 3, '351412895832', 1),
(395, 24, 253, 3, '361900173840139', 1),
(396, 24, 254, 3, '108638719208679', 1),
(397, 24, 255, 3, '103081439732002', 1),
(398, 24, 256, 3, '82061850555', 1),
(399, 24, 257, 3, '112681022080555', 1),
(400, 24, 258, 3, '106106489421091', 1),
(401, 24, 259, 3, '109373122422588', 1),
(403, 25, 106, 3, '7807422276', 1),
(404, 25, 261, 3, '105604026138857', 1),
(405, 25, 262, 3, '113593205383575', 1),
(406, 25, 263, 3, '120724814621467', 1),
(407, 25, 264, 3, '145400902158030', 1),
(408, 25, 265, 3, '169514194710', 1),
(409, 25, 266, 3, '22516413022', 1),
(410, 25, 267, 3, '241100506423', 1),
(411, 25, 268, 3, '294981361675', 1),
(412, 25, 269, 3, '30467381145', 1),
(413, 25, 270, 3, '32434463140', 1),
(414, 25, 271, 3, '36211311648', 1),
(415, 25, 272, 3, '374364779252369', 1),
(416, 25, 273, 3, '242567287243', 1),
(417, 25, 274, 3, '29112278285', 1),
(418, 25, 275, 3, '48382669205', 1),
(419, 25, 222, 3, '109513332400575', 1),
(420, 26, 97, 3, '105613569486567', 1),
(421, 26, 99, 3, '112986722137794', 1),
(422, 26, 103, 3, '22934684677', 1),
(423, 26, 95, 3, '132563476071', 1),
(424, 26, 106, 3, '7807422276', 1),
(425, 26, 117, 3, '24609282673', 1),
(426, 26, 101, 3, '138671468053', 1),
(427, 26, 276, 3, '104956949616', 1),
(428, 26, 277, 3, '108216792533895', 1),
(429, 26, 278, 3, '111731982176091', 1),
(430, 26, 279, 3, '116524375509', 1),
(431, 26, 280, 3, '123545484331329', 1),
(432, 26, 281, 3, '12805064845', 1),
(433, 26, 282, 3, '135679163136736', 1),
(434, 26, 283, 3, '150509031323', 1),
(435, 26, 284, 3, '156654331012455', 1),
(436, 26, 285, 3, '162355620453122', 1),
(437, 26, 286, 3, '172109161101', 1),
(438, 26, 287, 3, '181979466599', 1),
(439, 26, 288, 3, '19159654256', 1),
(440, 26, 289, 3, '204465002920292', 1),
(441, 26, 290, 3, '21785951839', 1),
(442, 26, 291, 3, '225839694099622', 1),
(443, 26, 292, 3, '228305623846705', 1),
(444, 26, 293, 3, '281588321313', 1),
(445, 26, 294, 3, '295470844311', 1),
(446, 26, 295, 3, '296850250029', 1),
(447, 26, 296, 3, '316224941788856', 1),
(448, 26, 297, 3, '44438564784', 1),
(449, 26, 298, 3, '45907623491', 1),
(450, 26, 299, 3, '494637910144', 1),
(451, 26, 300, 3, '49491894003', 1),
(452, 26, 301, 3, '6174621106', 1),
(453, 26, 302, 3, '63037549101', 1),
(454, 26, 303, 3, '6568083986', 1),
(455, 26, 304, 3, '67400590475', 1),
(456, 26, 305, 3, '6798562721', 1),
(457, 26, 306, 3, '7914733474', 1),
(458, 26, 307, 3, '8225281300', 1),
(459, 26, 308, 3, '85571972977', 1),
(460, 26, 309, 3, '98502629459', 1),
(461, 26, 310, 3, '105538432813162', 1),
(462, 20, 311, 3, '15526475270', 1),
(463, 26, 311, 3, '15526475270', 1),
(464, 26, 312, 3, '166451126707043', 1),
(465, 26, 313, 3, '76613428183', 1),
(466, 26, 314, 3, '67919847338', 1),
(467, 26, 315, 3, '6708787004', 1),
(468, 27, 230, 3, '106526516050184', 1),
(469, 27, 271, 3, '36211311648', 1),
(470, 27, 98, 3, '112842988801190', 1),
(471, 27, 260, 3, '10212595263', 1),
(472, 27, 316, 3, '103124423061436', 1),
(473, 27, 317, 3, '104025929633061', 1),
(474, 27, 318, 3, '110163159006215', 1),
(475, 27, 319, 3, '110303348998770', 1),
(476, 27, 320, 3, '114371265245182', 1),
(477, 27, 321, 3, '116065438458743', 1),
(478, 27, 322, 3, '12673567174', 1),
(479, 27, 323, 3, '12887942787', 1),
(480, 27, 324, 3, '131572223581891', 1),
(481, 27, 325, 3, '136669623064937', 1),
(482, 27, 326, 3, '33319219987', 1),
(483, 27, 327, 3, '6707887502', 1),
(484, 27, 328, 3, '7996074839', 1),
(485, 27, 329, 3, '103493343016255', 1),
(486, 27, 330, 3, '112483385444822', 1),
(487, 27, 331, 3, '115393811836969', 1),
(488, 27, 332, 3, '167528651335', 1),
(489, 27, 333, 3, '174494535916627', 1),
(490, 27, 334, 3, '179173798840114', 1),
(491, 27, 335, 3, '19787971220', 1),
(492, 27, 336, 3, '198333840215130', 1),
(493, 27, 337, 3, '21230560760', 1),
(494, 27, 338, 3, '246344278767961', 1),
(495, 27, 339, 3, '94289470471', 1),
(496, 27, 340, 3, '200651173311631', 1),
(497, 27, 341, 3, '244550715605970', 1),
(498, 27, 342, 3, '141973839152649', 1),
(499, 27, 343, 3, '232734580073604', 1),
(500, 27, 344, 3, '88788758703', 1),
(501, 28, 103, 3, '104072652962475', 1),
(502, 28, 101, 3, '138671468053', 1),
(503, 28, 299, 3, '494637910144', 1),
(504, 28, 202, 3, '39082832518', 1),
(505, 28, 195, 3, '22476490672', 1),
(506, 28, 287, 3, '181979466599', 1),
(507, 28, 305, 3, '6798562721', 1),
(508, 28, 345, 3, '10429446003', 1),
(509, 28, 346, 3, '10603266018', 1),
(510, 28, 347, 3, '10897743675', 1),
(511, 28, 348, 3, '109349602416398', 1),
(512, 28, 349, 3, '10935460954', 1),
(513, 28, 350, 3, '109386945754251', 1),
(514, 28, 351, 3, '118376684901629', 1),
(515, 28, 352, 3, '11929466453', 1),
(516, 28, 353, 3, '119702488081975', 1),
(517, 28, 354, 3, '12350780802', 1),
(518, 28, 355, 3, '125938460770575', 1),
(519, 28, 356, 3, '134963129902181', 1),
(520, 28, 357, 3, '159431734127012', 1),
(521, 28, 358, 3, '185190938165926', 1),
(522, 28, 359, 3, '19311247240', 1),
(523, 28, 360, 3, '20638794288', 1),
(524, 28, 361, 3, '235870589611', 1),
(525, 28, 362, 3, '27142611128', 1),
(526, 28, 363, 3, '28529629984', 1),
(527, 28, 364, 3, '321031023382', 1),
(528, 28, 365, 3, '34318561335', 1),
(529, 28, 366, 3, '34713758816', 1),
(530, 28, 367, 3, '355307289342', 1),
(531, 28, 368, 3, '38711482013', 1),
(532, 28, 369, 3, '40754806306', 1),
(533, 28, 370, 3, '43413980024', 1),
(534, 28, 371, 3, '44736973472', 1),
(535, 28, 372, 3, '52268280111', 1),
(536, 28, 373, 3, '55541179466', 1),
(537, 28, 374, 3, '6226458530', 1),
(538, 28, 375, 3, '6232473727', 1),
(539, 28, 376, 3, '6358122812', 1),
(540, 28, 377, 3, '67162930965', 1),
(541, 28, 132, 3, '7444699828', 1),
(542, 28, 378, 3, '7857633077', 1),
(543, 28, 379, 3, '8062627951', 1),
(544, 28, 380, 3, '8484647103', 1),
(545, 28, 381, 3, '8959695308', 1),
(546, 28, 382, 3, '9183509140', 1),
(547, 28, 101, 2, '75', 1),
(548, 28, 208, 2, '117', 1),
(549, 28, 140, 2, '98', 1),
(550, 28, 129, 2, '69', 1),
(551, 28, 177, 2, '130', 1),
(552, 28, 148, 2, '68', 1),
(553, 28, 383, 2, '162', 1),
(554, 28, 380, 2, '165', 1),
(555, 28, 376, 2, '168', 1),
(556, 28, 384, 2, '169', 1),
(557, 28, 385, 2, '170', 1),
(558, 28, 386, 2, '171', 1),
(559, 28, 387, 2, '172', 1),
(560, 28, 297, 2, '174', 1),
(561, 28, 388, 2, '175', 1),
(562, 28, 389, 2, '176', 1),
(563, 28, 390, 2, '177', 1),
(564, 28, 391, 2, '178', 1),
(565, 28, 392, 2, '179', 1),
(566, 28, 393, 2, '183', 1),
(567, 28, 394, 2, '184', 1),
(568, 28, 395, 2, '185', 1),
(569, 28, 360, 2, '187', 1),
(570, 28, 396, 2, '191', 1),
(571, 28, 282, 2, '194', 1),
(572, 28, 397, 2, '195', 1),
(573, 28, 398, 2, '198', 1),
(574, 28, 399, 2, '199', 1),
(575, 28, 400, 2, '200', 1),
(576, 28, 401, 2, '201', 1),
(577, 28, 359, 2, '202', 1),
(578, 28, 402, 3, '104034436299747', 1),
(579, 28, 403, 3, '108324369188388', 1),
(580, 28, 404, 3, '112085118808667', 1),
(581, 28, 405, 3, '5423059518', 1),
(582, 28, 406, 2, '182', 1),
(583, 28, 407, 2, '189', 1),
(584, 28, 408, 3, '109472262413043', 1),
(585, 28, 409, 3, '110183025682532', 1),
(586, 26, 410, 3, '110475388978628', 1),
(587, 28, 410, 3, '110475388978628', 1),
(588, 28, 411, 3, '113513331995655', 1),
(589, 28, 412, 3, '118843458195668', 1),
(590, 28, 413, 3, '134659563447', 1),
(591, 28, 414, 3, '17174318188', 1),
(592, 28, 415, 3, '18452288248', 1),
(593, 28, 416, 3, '21720030334', 1),
(594, 20, 417, 3, '39644305296', 1),
(595, 28, 417, 3, '39644305296', 1),
(596, 28, 418, 3, '47822269847', 1),
(597, 28, 419, 3, '54553802566', 1),
(598, 28, 420, 3, '55339791254', 1),
(599, 28, 421, 3, '6084842529', 1),
(600, 28, 422, 3, '6092929747', 1),
(601, 28, 423, 3, '8484195962', 1),
(602, 28, 405, 2, '161', 1),
(603, 28, 424, 2, '164', 1),
(604, 28, 403, 2, '166', 1),
(605, 28, 425, 2, '181', 1),
(606, 28, 335, 2, '197', 1),
(607, 29, 379, 3, '8062627951', 1),
(608, 29, 426, 3, '152133728206514', 1),
(609, 29, 427, 3, '172439896105471', 1),
(610, 29, 428, 3, '179289645439852', 1),
(611, 29, 429, 3, '19975077227', 1),
(612, 29, 430, 3, '231470813604950', 1),
(613, 29, 431, 3, '252925901409925', 1),
(614, 29, 432, 3, '263747706990543', 1),
(615, 29, 433, 3, '92638355802', 1),
(616, 29, 434, 2, '205', 1),
(617, 29, 435, 2, '206', 1),
(618, 29, 436, 2, '207', 1),
(619, 29, 437, 2, '208', 1),
(620, 29, 438, 2, '209', 1),
(621, 29, 439, 2, '210', 1),
(622, 29, 440, 2, '211', 1),
(623, 29, 441, 2, '212', 1),
(624, 29, 442, 2, '214', 1),
(625, 29, 443, 2, '216', 1),
(626, 29, 444, 2, '217', 1),
(627, 29, 445, 2, '218', 1),
(628, 29, 446, 2, '219', 1),
(629, 29, 447, 2, '220', 1),
(630, 29, 448, 2, '221', 1),
(631, 29, 449, 2, '222', 1),
(632, 29, 450, 2, '223', 1),
(633, 29, 451, 2, '224', 1),
(634, 29, 452, 2, '215', 1),
(635, 29, 453, 2, '204', 1),
(636, 29, 454, 2, '213', 1),
(637, 32, 192, 3, '108173215878011', 1),
(638, 32, 98, 3, '112842988801190', 1),
(639, 32, 299, 3, '494637910144', 1),
(640, 32, 323, 3, '12887942787', 1),
(641, 32, 128, 3, '29534858696', 1),
(642, 32, 260, 3, '10212595263', 1),
(643, 32, 408, 3, '109472262413043', 1),
(644, 32, 417, 3, '39644305296', 1),
(645, 32, 103, 3, '22934684677', 1),
(646, 32, 106, 3, '7807422276', 1),
(647, 32, 455, 3, '102146853181314', 1),
(648, 32, 456, 3, '102372683171093', 1),
(649, 32, 457, 3, '103154229725544', 1),
(650, 32, 458, 3, '103636093053996', 1),
(651, 32, 459, 3, '103805609657840', 1),
(652, 32, 460, 3, '103891629647813', 1),
(653, 32, 461, 3, '104056389629631', 1),
(654, 32, 462, 3, '104068019629311', 1),
(655, 32, 463, 3, '104079282963296', 1),
(656, 32, 464, 3, '105634886138092', 1),
(657, 32, 465, 3, '106124519426688', 1),
(658, 32, 466, 3, '106187256079300', 1),
(659, 32, 467, 3, '106250359405280', 1),
(660, 32, 468, 3, '106421642722339', 1),
(661, 32, 469, 3, '106553426035009', 1),
(662, 32, 470, 3, '107680842594652', 1),
(663, 32, 471, 3, '108066319243337', 1),
(664, 32, 472, 3, '108132462548163', 1),
(665, 32, 473, 3, '108242515862622', 1),
(666, 32, 474, 3, '109026129147689', 1),
(667, 32, 475, 3, '109252335759366', 1),
(668, 32, 476, 3, '109394462636', 1),
(669, 32, 477, 3, '109584652395911', 1),
(670, 32, 478, 3, '109597529058281', 1),
(671, 32, 479, 3, '111082162248881', 1),
(672, 32, 480, 3, '11177446882', 1),
(673, 32, 481, 3, '112146662135501', 1),
(674, 32, 482, 3, '112222605460779', 1),
(675, 32, 483, 3, '112237562125534', 1),
(676, 32, 484, 3, '112665908745660', 1),
(677, 32, 485, 3, '112863205395980', 1),
(678, 32, 486, 3, '112903188724535', 1),
(679, 32, 487, 3, '112933485406955', 1),
(680, 32, 488, 3, '113389998674785', 1),
(681, 32, 489, 3, '113735338636492', 1),
(682, 32, 490, 3, '114751001881490', 1),
(683, 32, 491, 3, '115744368466449', 1),
(684, 32, 492, 3, '119410741469917', 1),
(685, 32, 493, 3, '123515234338747', 1),
(686, 32, 494, 3, '126646544103694', 1),
(687, 32, 495, 3, '131704393549116', 1),
(688, 32, 496, 3, '135365373170315', 1),
(689, 32, 497, 3, '135808799816616', 1),
(690, 32, 498, 3, '13960261187', 1),
(691, 32, 499, 3, '141545972523915', 1),
(692, 32, 500, 3, '142695605765331', 1),
(693, 32, 501, 3, '143253979025868', 1),
(694, 32, 502, 3, '149005675136360', 1),
(695, 32, 503, 3, '149234265133802', 1),
(696, 32, 504, 3, '152011514838999', 1),
(697, 32, 505, 3, '152971434730603', 1),
(698, 32, 506, 3, '153765268036736', 1),
(699, 32, 507, 3, '165061350189214', 1),
(700, 32, 508, 3, '170700836293714', 1),
(701, 32, 509, 3, '171895886205909', 1),
(702, 32, 510, 3, '174115021306', 1),
(703, 32, 511, 3, '176734662373358', 1),
(704, 32, 512, 3, '177550668942114', 1),
(705, 32, 513, 3, '181128678565670', 1),
(706, 32, 514, 3, '189068598411', 1),
(707, 32, 515, 3, '191086184257985', 1),
(708, 32, 516, 3, '192531334162231', 1),
(709, 32, 517, 3, '196842717018616', 1),
(710, 32, 518, 3, '204204086261859', 1),
(711, 32, 519, 3, '205016761117', 1),
(712, 32, 520, 3, '212216417436', 1),
(713, 32, 521, 3, '21570237112', 1),
(714, 32, 522, 3, '22271024344', 1),
(715, 32, 523, 3, '23519525029', 1),
(716, 32, 524, 3, '237837278879', 1),
(717, 32, 525, 3, '260680088535', 1),
(718, 32, 526, 3, '264736436916330', 1),
(719, 32, 527, 3, '266872843888', 1),
(720, 32, 528, 3, '275955982428189', 1),
(721, 32, 529, 3, '296867082223', 1),
(722, 32, 530, 3, '30255245291', 1),
(723, 32, 531, 3, '45769549403', 1),
(724, 32, 532, 3, '47718122031', 1),
(725, 32, 533, 3, '64329753663', 1),
(726, 32, 534, 3, '7890846826', 1),
(727, 32, 535, 3, '88008444969', 1),
(728, 32, 536, 3, '9304112207', 1),
(729, 32, 537, 3, '101925766514531', 1),
(730, 32, 538, 3, '103819456322763', 1),
(731, 32, 539, 3, '105960549434629', 1),
(732, 32, 540, 3, '106032302760747', 1),
(733, 32, 541, 3, '109215802431732', 1),
(734, 32, 542, 3, '112574435420627', 1),
(735, 32, 543, 3, '131453246935509', 1),
(736, 32, 544, 3, '14644790067', 1),
(737, 32, 545, 3, '161066817312078', 1),
(738, 32, 546, 3, '22330837712', 1),
(739, 32, 547, 3, '50812608637', 1),
(740, 32, 548, 3, '7185342985', 1),
(741, 32, 549, 3, '34529401165', 1),
(742, 32, 550, 3, '8584479036', 1),
(743, 32, 551, 3, '100414343662', 1),
(744, 32, 552, 3, '104015162968222', 1),
(745, 32, 553, 3, '105638652803531', 1),
(746, 32, 554, 3, '106602966061813', 1),
(747, 32, 555, 3, '108132109214686', 1),
(748, 32, 425, 3, '108207265867975', 1),
(749, 32, 556, 3, '108313242531001', 1),
(750, 32, 557, 3, '108461249178487', 1),
(751, 32, 558, 3, '109271802425631', 1),
(752, 32, 559, 3, '109520502407851', 1),
(753, 32, 560, 3, '109615619056553', 1),
(754, 32, 561, 3, '109697765726264', 1),
(755, 32, 562, 3, '111831648833294', 1),
(756, 32, 563, 3, '112173338795475', 1),
(757, 32, 564, 3, '113087208704982', 1),
(758, 32, 565, 3, '113337825343690', 1),
(759, 32, 566, 3, '132579486771391', 1),
(760, 32, 567, 3, '162629997121827', 1),
(761, 32, 568, 3, '187199394665811', 1),
(762, 32, 569, 3, '195843020454275', 1),
(763, 32, 570, 3, '197394889304', 1),
(764, 32, 571, 3, '22684243192', 1),
(765, 32, 572, 3, '229197930430239', 1),
(766, 32, 573, 3, '251353808252087', 1),
(767, 32, 274, 3, '32411237163', 1),
(768, 32, 574, 3, '332687231201', 1),
(769, 32, 575, 3, '7091561785', 1),
(770, 32, 576, 3, '8210451787', 1),
(771, 20, 576, 3, '8210451787', 1),
(772, 32, 577, 3, '84373376522', 1),
(773, 33, 98, 3, '112842988801190', 1),
(774, 33, 417, 3, '39644305296', 1),
(775, 33, 311, 3, '15526475270', 1),
(776, 33, 286, 3, '172109161101', 1),
(777, 33, 271, 3, '107470789282621', 1),
(778, 33, 578, 3, '109592655734436', 1),
(779, 33, 579, 3, '113281522018599', 1),
(780, 33, 580, 3, '119269651452993', 1),
(781, 33, 581, 3, '120446001351495', 1),
(782, 33, 582, 3, '140104438902', 1),
(783, 33, 583, 3, '141927505869316', 1),
(784, 33, 584, 3, '142743165740370', 1),
(785, 33, 585, 3, '144469379586', 1),
(786, 33, 586, 3, '145016446140', 1),
(787, 33, 587, 3, '148207281897412', 1),
(788, 33, 588, 3, '157033703778', 1),
(789, 33, 589, 3, '159708307389766', 1),
(790, 33, 590, 3, '163920630320697', 1),
(791, 33, 591, 3, '169098340541', 1),
(792, 33, 592, 3, '181592211859254', 1),
(793, 33, 593, 3, '182704345105896', 1),
(794, 33, 594, 3, '216345508447481', 1),
(795, 33, 595, 3, '229514460396870', 1),
(796, 33, 596, 3, '270715249602', 1),
(797, 33, 597, 3, '317574913105', 1),
(798, 33, 598, 3, '359129892456', 1),
(799, 33, 599, 3, '36556850780', 1),
(800, 33, 600, 3, '44333731214', 1),
(801, 33, 601, 3, '44843851974', 1),
(802, 33, 602, 3, '57072191853', 1),
(803, 33, 603, 3, '77756968445', 1),
(804, 33, 604, 3, '79276278497', 1),
(805, 33, 605, 3, '95828437400', 1),
(806, 33, 606, 3, '104000809639043', 1),
(807, 33, 607, 3, '104109362957551', 1),
(808, 33, 608, 3, '105605429473939', 1),
(809, 33, 609, 3, '108168782538599', 1),
(810, 33, 610, 3, '11071120908', 1),
(811, 33, 611, 3, '113383308674771', 1),
(812, 33, 612, 3, '7655939996', 1),
(813, 19, 613, 3, '15155960214', 1),
(814, 34, 413, 3, '134659563447', 0),
(815, 34, 614, 3, '103398523028348', 1),
(816, 34, 615, 3, '104860842887580', 1),
(817, 34, 616, 3, '104949722884292', 1),
(818, 34, 617, 3, '107112332720702', 1),
(819, 34, 618, 3, '107703752585980', 1),
(820, 34, 619, 3, '108049556340', 1),
(821, 34, 620, 3, '108395849184595', 1),
(822, 34, 621, 3, '110887438935986', 1),
(823, 34, 622, 3, '111364132247550', 1),
(824, 34, 623, 3, '111807898908144', 1),
(825, 34, 624, 3, '114450185241364', 1),
(826, 34, 625, 3, '118749444805398', 1),
(827, 34, 626, 3, '120150954691329', 1),
(828, 34, 627, 3, '123241427688000', 1),
(829, 34, 628, 3, '124332397670285', 1),
(830, 34, 629, 3, '138213373848', 1),
(831, 34, 630, 3, '146790007393', 1),
(832, 34, 631, 3, '149365371874351', 1),
(833, 34, 632, 3, '150552388343703', 1),
(834, 34, 633, 3, '151257564912304', 1),
(835, 34, 634, 3, '151739584917598', 1),
(836, 34, 635, 3, '154798851253259', 1),
(837, 34, 636, 3, '157016207674452', 1),
(838, 34, 637, 3, '158177410996992', 1),
(839, 34, 638, 3, '161339747301619', 1),
(840, 34, 639, 3, '163184660367959', 1),
(841, 34, 640, 3, '167655926599481', 1),
(842, 34, 641, 3, '171059756318268', 1),
(843, 34, 642, 3, '172362606149996', 1),
(844, 34, 643, 3, '172987026052478', 1),
(845, 34, 644, 3, '173697385974820', 1),
(846, 34, 645, 3, '174137569304784', 1),
(847, 34, 646, 3, '17780227654', 1),
(848, 34, 647, 3, '178876842204548', 1),
(849, 34, 648, 3, '183723551693069', 1),
(850, 34, 649, 3, '191538764200478', 1),
(851, 34, 650, 3, '19891061755', 1),
(852, 34, 651, 3, '204130609661354', 1),
(853, 34, 652, 3, '208159545950179', 1),
(854, 34, 653, 3, '210768188705', 1),
(855, 34, 654, 3, '215421285199690', 1),
(856, 34, 655, 3, '217296371747555', 1),
(857, 34, 656, 3, '232530536780583', 1),
(858, 34, 657, 3, '232565353459008', 1),
(859, 34, 658, 3, '235855563129853', 1),
(860, 34, 659, 3, '237088832987624', 1),
(861, 34, 660, 3, '237375452985708', 1),
(862, 34, 661, 3, '238898262843011', 1),
(863, 34, 662, 3, '241060792610956', 1),
(864, 34, 663, 3, '241806149201604', 1),
(865, 34, 664, 3, '247863625331579', 1),
(866, 34, 665, 3, '251211918250432', 1),
(867, 34, 666, 3, '252352771394', 1),
(868, 34, 667, 3, '252382316547', 1),
(869, 34, 668, 3, '252524194864538', 1),
(870, 34, 669, 3, '268273306636021', 1),
(871, 34, 670, 3, '271558692933132', 1),
(872, 34, 671, 3, '273058856113933', 1),
(873, 34, 672, 3, '290511358900', 1),
(874, 34, 673, 3, '300090480097459', 1),
(875, 34, 674, 3, '300319530029853', 1),
(876, 34, 675, 3, '302804649755523', 1),
(877, 34, 676, 3, '306430396123877', 1),
(878, 34, 677, 3, '311122265641693', 1),
(879, 34, 678, 3, '328589570213', 1),
(880, 34, 679, 3, '330258107058508', 1),
(881, 34, 680, 3, '335807629847228', 1),
(882, 34, 681, 3, '344775945589742', 1),
(883, 34, 682, 3, '355386385621', 1),
(884, 34, 683, 3, '371583629589684', 1),
(885, 34, 684, 3, '372576534580', 1),
(886, 34, 685, 3, '395890440473664', 1),
(887, 34, 686, 3, '426058490786200', 1),
(888, 34, 687, 3, '447592598639733', 1),
(889, 34, 688, 3, '464382310650', 1),
(890, 34, 689, 3, '5720169626', 1),
(891, 34, 690, 3, '75564782046', 1),
(892, 34, 691, 3, '91009013616', 1),
(893, 34, 692, 3, '96029103777', 1),
(894, 34, 693, 3, '52193296770', 1),
(895, 34, 694, 3, '196673390377905', 1),
(896, 35, 655, 3, '217296371747555', 1),
(897, 35, 691, 3, '91009013616', 1),
(898, 35, 682, 3, '355386385621', 1),
(899, 35, 625, 3, '118749444805398', 1),
(900, 35, 679, 3, '330258107058508', 1),
(901, 35, 647, 3, '178876842204548', 1),
(902, 35, 688, 3, '464382310650', 1),
(903, 35, 635, 3, '154798851253259', 1),
(904, 35, 615, 3, '104860842887580', 1),
(905, 35, 671, 3, '273058856113933', 1),
(906, 35, 676, 3, '306430396123877', 1),
(907, 35, 673, 3, '300090480097459', 1),
(908, 35, 669, 3, '268273306636021', 1),
(909, 35, 641, 3, '171059756318268', 1),
(910, 35, 646, 3, '17780227654', 1),
(911, 35, 690, 3, '75564782046', 1),
(912, 35, 687, 3, '447592598639733', 1),
(913, 35, 637, 3, '158177410996992', 1),
(914, 35, 683, 3, '371583629589684', 1),
(915, 35, 670, 3, '271558692933132', 1),
(916, 35, 639, 3, '163184660367959', 1),
(917, 35, 660, 3, '237375452985708', 1),
(918, 35, 692, 3, '96029103777', 1),
(919, 35, 658, 3, '235855563129853', 1),
(920, 35, 657, 3, '232565353459008', 1),
(921, 35, 664, 3, '247863625331579', 1),
(922, 35, 634, 3, '151739584917598', 1),
(923, 35, 643, 3, '172987026052478', 1),
(924, 35, 624, 3, '114450185241364', 1),
(925, 35, 631, 3, '149365371874351', 1),
(926, 35, 681, 3, '344775945589742', 1),
(927, 35, 686, 3, '426058490786200', 1),
(928, 35, 619, 3, '108049556340', 1),
(929, 35, 629, 3, '138213373848', 1),
(930, 35, 666, 3, '252352771394', 1),
(931, 35, 689, 3, '5720169626', 1),
(932, 35, 680, 3, '335807629847228', 1),
(933, 35, 652, 3, '208159545950179', 1),
(934, 35, 685, 3, '395890440473664', 1),
(935, 35, 668, 3, '252524194864538', 1),
(936, 35, 693, 3, '52193296770', 1),
(937, 35, 677, 3, '311122265641693', 1),
(938, 35, 628, 3, '124332397670285', 1),
(939, 35, 675, 3, '302804649755523', 1),
(940, 35, 640, 3, '167655926599481', 1),
(941, 35, 649, 3, '191538764200478', 1),
(942, 35, 616, 3, '104949722884292', 1),
(943, 35, 674, 3, '300319530029853', 1),
(944, 35, 623, 3, '111807898908144', 1),
(945, 35, 632, 3, '150552388343703', 1),
(946, 35, 636, 3, '157016207674452', 1),
(947, 35, 678, 3, '328589570213', 1),
(948, 35, 663, 3, '241806149201604', 1),
(949, 35, 654, 3, '215421285199690', 1),
(950, 35, 638, 3, '161339747301619', 1),
(951, 35, 661, 3, '238898262843011', 1),
(952, 35, 651, 3, '204130609661354', 1),
(953, 35, 626, 3, '120150954691329', 1),
(954, 35, 650, 3, '19891061755', 1),
(955, 35, 656, 3, '232530536780583', 1),
(956, 35, 630, 3, '146790007393', 1),
(957, 35, 672, 3, '290511358900', 1),
(958, 35, 694, 3, '196673390377905', 1),
(959, 35, 644, 3, '173697385974820', 1),
(960, 35, 665, 3, '251211918250432', 1),
(961, 35, 642, 3, '172362606149996', 1),
(962, 35, 648, 3, '183723551693069', 1),
(963, 35, 621, 3, '110887438935986', 1),
(964, 35, 667, 3, '252382316547', 1),
(965, 35, 662, 3, '241060792610956', 1),
(966, 35, 614, 3, '103398523028348', 1),
(967, 35, 633, 3, '151257564912304', 1),
(968, 35, 653, 3, '210768188705', 1),
(969, 35, 622, 3, '111364132247550', 1),
(970, 35, 645, 3, '174137569304784', 1),
(971, 35, 684, 3, '372576534580', 1),
(972, 35, 620, 3, '108395849184595', 1),
(973, 35, 617, 3, '107112332720702', 1),
(974, 35, 413, 3, '134659563447', 1),
(975, 35, 659, 3, '237088832987624', 1),
(976, 35, 618, 3, '107703752585980', 1),
(977, 35, 627, 3, '123241427688000', 1),
(978, 35, 695, 3, '109482295740916', 1),
(979, 35, 696, 3, '133319852155', 1),
(980, 35, 697, 3, '161050783911326', 1),
(981, 35, 698, 3, '23104471892', 1),
(982, 35, 699, 3, '341719392624456', 1),
(983, 35, 700, 3, '391825457601500', 1),
(984, 35, 701, 3, '464114846956315', 1),
(985, 35, 702, 3, '49218554014', 1),
(986, 35, 703, 3, '617747311608866', 1),
(987, 35, 704, 3, '152377501511', 1);

/*!40101 SET CHARACTER_SET_CLIENT=@OLD_CHARACTER_SET_CLIENT */;
/*!40101 SET CHARACTER_SET_RESULTS=@OLD_CHARACTER_SET_RESULTS */;
/*!40101 SET COLLATION_CONNECTION=@OLD_COLLATION_CONNECTION */;
